Resistance_Genes,type,Id
Bartonella bacilliformis gyrB conferring resistance to aminocoumarin,aminocoumarin,1
Enterococcus faecalis YvlB with mutation conferring daptomycin resistance,aminocoumarin,2
novA,aminocoumarin,3
Staphylococcus aureus gyrB conferring resistance to aminocoumarin,aminocoumarin,4
Staphylococcus aureus parE conferring resistance to aminocoumarin,aminocoumarin,5
Streptomyces rishiriensis parY mutant conferring resistance to aminocoumarin,aminocoumarin,6
STREPTOMYCES_RISHIRIENSIS_PARY_MUTANT_CONFERRING_RESISTANCE_TO_AMINOCOUMARIN,aminocoumarin,7
Streptomyces-rishiriensis-parY-mutant-conferring-resistance-to-aminocoumarin,aminocoumarin,8
AAC(1),aminoglycoside,9
AAC(2')-Ia,aminoglycoside,10
AAC(2')-Ib,aminoglycoside,11
AAC(2')-Ic,aminoglycoside,12
AAC(2')-Id,aminoglycoside,13
AAC(2')-Ie,aminoglycoside,14
AAC(2')-IIA,aminoglycoside,15
AAC(2')-IIb,aminoglycoside,16
AAC(3)-Ia,aminoglycoside,17
AAC(3)-Ib,aminoglycoside,18
AAC(3)-Ib/AAC(6')-Ib'',aminoglycoside,19
AAC(3)-Ic,aminoglycoside,20
AAC(3)-Id,aminoglycoside,21
AAC(3)-IIa,aminoglycoside,22
AAC(3)-IIb,aminoglycoside,23
AAC(3)-IIc,aminoglycoside,24
AAC(3)-IID,aminoglycoside,25
AAC(3)-IIE,aminoglycoside,26
AAC(3)-IIIa,aminoglycoside,27
AAC(3)-IIIb,aminoglycoside,28
AAC(3)-IIIc,aminoglycoside,29
AAC(3)-IV,aminoglycoside,30
AAC(3)-IXa,aminoglycoside,31
AAC(3)-VIa,aminoglycoside,32
AAC(3)-VIIa,aminoglycoside,33
AAC(3)-VIIIa,aminoglycoside,34
AAC(3)-Xa,aminoglycoside,35
AAC(6')-29a,aminoglycoside,36
AAC(6')-29b,aminoglycoside,37
AAC(6')-30/AAC(6')-Ib' fusion protein,aminoglycoside,38
AAC(6')-30/AAC(6')-IB'_FUSION_PROTEIN,aminoglycoside,39
AAC(6')-30/AAC(6')-Ib'-fusion-protein,aminoglycoside,40
AAC(6')-31,aminoglycoside,41
AAC(6')-32,aminoglycoside,42
AAC(6')-33,aminoglycoside,43
AAC(6')-34,aminoglycoside,44
AAC(6')-I30,aminoglycoside,45
AAC(6')-Ia,aminoglycoside,46
AAC(6')-Iaa,aminoglycoside,47
AAC(6')-Iad,aminoglycoside,48
AAC(6')-Iae,aminoglycoside,49
AAC(6')-Iaf,aminoglycoside,50
AAC(6')-Iai,aminoglycoside,51
AAC(6')-Iaj,aminoglycoside,52
AAC(6')-Iak,aminoglycoside,53
AAC(6')-IAN,aminoglycoside,54
AAC(6')-Ib,aminoglycoside,55
AAC(6')-Ib-Hangzhou,aminoglycoside,56
AAC(6')-Ib-SK,aminoglycoside,57
AAC(6')-Ib-Suzhou,aminoglycoside,58
AAC(6')-Ib',aminoglycoside,59
AAC(6')-Ib10,aminoglycoside,60
AAC(6')-Ib11,aminoglycoside,61
AAC(6')-Ib3,aminoglycoside,62
AAC(6')-Ib4,aminoglycoside,63
AAC(6')-Ib7,aminoglycoside,64
AAC(6')-Ib8,aminoglycoside,65
AAC(6')-Ib9,aminoglycoside,66
AAC(6')-Ic,aminoglycoside,67
AAC(6')-Ie-APH(2'')-Ia,aminoglycoside,68
AAC(6')-If,aminoglycoside,69
AAC(6')-Ig,aminoglycoside,70
AAC(6')-Ih,aminoglycoside,71
AAC(6')-Ii,aminoglycoside,72
AAC(6')-IIa,aminoglycoside,73
AAC(6')-IIb,aminoglycoside,74
AAC(6')-IIc,aminoglycoside,75
AAC(6')-IId,aminoglycoside,76
AAC(6')-Iih,aminoglycoside,77
AAC(6')-Ij,aminoglycoside,78
AAC(6')-Ik,aminoglycoside,79
AAC(6')-IL,aminoglycoside,80
AAC(6')-IM,aminoglycoside,81
AAC(6')-Ip,aminoglycoside,82
AAC(6')-Iq,aminoglycoside,83
AAC(6')-Ir,aminoglycoside,84
AAC(6')-Is,aminoglycoside,85
AAC(6')-Isa,aminoglycoside,86
AAC(6')-It,aminoglycoside,87
AAC(6')-Iu,aminoglycoside,88
AAC(6')-Iv,aminoglycoside,89
AAC(6')-Iw,aminoglycoside,90
AAC(6')-Ix,aminoglycoside,91
AAC(6')-Iy,aminoglycoside,92
AAC(6')-Iz,aminoglycoside,93
aad(6),aminoglycoside,94
aadA,aminoglycoside,95
AADA10,aminoglycoside,96
aadA11,aminoglycoside,97
aadA12,aminoglycoside,98
aadA13,aminoglycoside,99
aadA14,aminoglycoside,100
aadA15,aminoglycoside,101
aadA16,aminoglycoside,102
aadA17,aminoglycoside,103
aadA2,aminoglycoside,104
aadA21,aminoglycoside,105
aadA22,aminoglycoside,106
aadA23,aminoglycoside,107
aadA24,aminoglycoside,108
aadA25,aminoglycoside,109
AADA27,aminoglycoside,110
aadA3,aminoglycoside,111
aadA4,aminoglycoside,112
aadA5,aminoglycoside,113
aadA6,aminoglycoside,114
aadA6/aadA10,aminoglycoside,115
aadA7,aminoglycoside,116
aadA8,aminoglycoside,117
aadA9,aminoglycoside,118
aadK,aminoglycoside,119
AADS,aminoglycoside,120
acrD,aminoglycoside,121
amrA,aminoglycoside,122
amrB,aminoglycoside,123
ANT(2'')-Ia,aminoglycoside,124
ANT(3'')-Ii-AAC(6')-IId fusion protein,aminoglycoside,125
ANT(3'')-II-AAC(6')-IID_FUSION_PROTEIN,aminoglycoside,126
ANT(3'')-Ii-AAC(6')-IId-fusion-protein,aminoglycoside,127
ANT(3'')-IIa,aminoglycoside,128
ANT(3'')-IIb,aminoglycoside,129
ANT(3'')-IIc,aminoglycoside,130
ANT(4')-Ia,aminoglycoside,131
ANT(4')-Ib,aminoglycoside,132
ANT(4')-IIa,aminoglycoside,133
ANT(4')-IIb,aminoglycoside,134
ANT(6)-Ia,aminoglycoside,135
ANT(6)-Ib,aminoglycoside,136
ANT(9)-Ia,aminoglycoside,137
APH(2'')-Ie,aminoglycoside,138
APH(2'')-If,aminoglycoside,139
APH(2'')-Ig,aminoglycoside,140
APH(2'')-IIa,aminoglycoside,141
APH(2'')-IIIa,aminoglycoside,142
APH(2'')-IVa,aminoglycoside,143
APH(3'')-Ia,aminoglycoside,144
APH(3'')-Ib,aminoglycoside,145
APH(3'')-Ic,aminoglycoside,146
APH(3')-Ia,aminoglycoside,147
APH(3')-Ib,aminoglycoside,148
APH(3')-IIa,aminoglycoside,149
APH(3')-IIb,aminoglycoside,150
APH(3')-IIc,aminoglycoside,151
APH(3')-IIIa,aminoglycoside,152
APH(3')-IVa,aminoglycoside,153
APH(3')-IX,aminoglycoside,154
APH(3')-Va,aminoglycoside,155
APH(3')-Vb,aminoglycoside,156
APH(3')-Vc,aminoglycoside,157
APH(3')-VI,aminoglycoside,158
APH(3')-VIa,aminoglycoside,159
APH(3')-VIIa,aminoglycoside,160
APH(3')-VIII,aminoglycoside,161
APH(3')-VIIIA,aminoglycoside,162
APH(4)-Ia,aminoglycoside,163
APH(4)-Ib,aminoglycoside,164
APH(6)-Ia,aminoglycoside,165
APH(6)-Ib,aminoglycoside,166
APH(6)-Ic,aminoglycoside,167
APH(6)-Id,aminoglycoside,168
APH(7'')-Ia,aminoglycoside,169
APH(9)-Ia,aminoglycoside,170
APH(9)-Ib,aminoglycoside,171
APHA15,aminoglycoside,172
apmA,aminoglycoside,173
armA,aminoglycoside,174
cpaA,aminoglycoside,175
kamB,aminoglycoside,176
kdpE,aminoglycoside,177
Mycobacterium tuberculosis gidB mutation conferring resistance to streptomycin,aminoglycoside,178
Mycobacterium tuberculosis rpsL mutations conferring resistance to Streptomycin,aminoglycoside,179
Mycobacterium tuberculosis tlyA mutations conferring resistance to aminoglycosides,aminoglycoside,180
npmA,aminoglycoside,181
Pseudomonas aeruginosa emrE,aminoglycoside,182
PSEUDOMONAS_AERUGINOSA_EMRE,aminoglycoside,183
PvrR,aminoglycoside,184
rmtA,aminoglycoside,185
rmtB,aminoglycoside,186
rmtC,aminoglycoside,187
rmtD,aminoglycoside,188
rmtF,aminoglycoside,189
rmtG,aminoglycoside,190
rmtH,aminoglycoside,191
sgm,aminoglycoside,192
spd,aminoglycoside,193
APH(3)-IB,aminoglycoside,194
ACC-1,beta-lactam,195
ACC-2,beta-lactam,196
ACC-3,beta-lactam,197
ACC-4,beta-lactam,198
ACC-5,beta-lactam,199
ACI-1,beta-lactam,200
Acinetobacter baumannii AmpC beta-lactamase,beta-lactam,201
Acinetobacter OprD conferring resistance to imipenem,beta-lactam,202
ACINETOBACTER_BAUMANNII_AMPC_BETA-LACTAMASE,beta-lactam,203
Acinetobacter-baumannii-AmpC-beta-lactamase,beta-lactam,204
Acinetobacter-OprD-conferring-resistance-to-imipenem,beta-lactam,205
ACT-1,beta-lactam,206
ACT-10,beta-lactam,207
ACT-12,beta-lactam,208
ACT-13,beta-lactam,209
ACT-14,beta-lactam,210
ACT-15,beta-lactam,211
ACT-16,beta-lactam,212
ACT-17,beta-lactam,213
ACT-18,beta-lactam,214
ACT-19,beta-lactam,215
ACT-2,beta-lactam,216
ACT-20,beta-lactam,217
ACT-21,beta-lactam,218
ACT-22,beta-lactam,219
ACT-23,beta-lactam,220
ACT-24,beta-lactam,221
ACT-25,beta-lactam,222
ACT-27,beta-lactam,223
ACT-28,beta-lactam,224
ACT-29,beta-lactam,225
ACT-3,beta-lactam,226
ACT-30,beta-lactam,227
ACT-31,beta-lactam,228
ACT-32,beta-lactam,229
ACT-33,beta-lactam,230
ACT-35,beta-lactam,231
ACT-36,beta-lactam,232
ACT-37,beta-lactam,233
ACT-4,beta-lactam,234
ACT-5,beta-lactam,235
ACT-6,beta-lactam,236
ACT-7,beta-lactam,237
ACT-8,beta-lactam,238
ACT-9,beta-lactam,239
ADC-1,beta-lactam,240
ADC-10,beta-lactam,241
ADC-11,beta-lactam,242
ADC-12,beta-lactam,243
ADC-13,beta-lactam,244
ADC-14,beta-lactam,245
ADC-15,beta-lactam,246
ADC-16,beta-lactam,247
ADC-17,beta-lactam,248
ADC-18,beta-lactam,249
ADC-19,beta-lactam,250
ADC-2,beta-lactam,251
ADC-20,beta-lactam,252
ADC-21,beta-lactam,253
ADC-22,beta-lactam,254
ADC-23,beta-lactam,255
ADC-25,beta-lactam,256
ADC-3,beta-lactam,257
ADC-30,beta-lactam,258
ADC-31,beta-lactam,259
ADC-39,beta-lactam,260
ADC-4,beta-lactam,261
ADC-41,beta-lactam,262
ADC-42,beta-lactam,263
ADC-43,beta-lactam,264
ADC-44,beta-lactam,265
ADC-5,beta-lactam,266
ADC-56,beta-lactam,267
ADC-58,beta-lactam,268
ADC-6,beta-lactam,269
ADC-61,beta-lactam,270
ADC-68,beta-lactam,271
ADC-7,beta-lactam,272
ADC-74,beta-lactam,273
ADC-75,beta-lactam,274
ADC-76,beta-lactam,275
ADC-77,beta-lactam,276
ADC-78,beta-lactam,277
ADC-79,beta-lactam,278
ADC-8,beta-lactam,279
ADC-80,beta-lactam,280
ADC-81,beta-lactam,281
ADC-82,beta-lactam,282
AER-1,beta-lactam,283
AIM-1,beta-lactam,284
AQU-1,beta-lactam,285
AQU-2,beta-lactam,286
AQU-3,beta-lactam,287
ARL-1,beta-lactam,288
AST-1,beta-lactam,289
BAT-1,beta-lactam,290
BcI,beta-lactam,291
BcII,beta-lactam,292
BCL-1,beta-lactam,293
BEL-1,beta-lactam,294
BEL-2,beta-lactam,295
BEL-3,beta-lactam,296
BES-1,beta-lactam,297
BJP-1,beta-lactam,298
BJP-1 beta-lactamase,beta-lactam,299
BKC-1,beta-lactam,300
BLA1,beta-lactam,301
Bla2,beta-lactam,302
BLAA1,beta-lactam,303
BlaB beta-lactamase,beta-lactam,304
BlaB-beta-lactamase,beta-lactam,305
blaF,beta-lactam,306
blaI,beta-lactam,307
blaR1,beta-lactam,308
BPU-1,beta-lactam,309
BRO-1,beta-lactam,310
BRO-2,beta-lactam,311
Burkholderia pseudomallei Omp38,beta-lactam,312
BURKHOLDERIA_PSEUDOMALLEI_OMP38,beta-lactam,313
Burkholderia-pseudomallei-Omp38,beta-lactam,314
BUT-1,beta-lactam,315
CAM-1,beta-lactam,316
CARB-1,beta-lactam,317
CARB-10,beta-lactam,318
CARB-12,beta-lactam,319
CARB-14,beta-lactam,320
CARB-16,beta-lactam,321
CARB-17,beta-lactam,322
CARB-18,beta-lactam,323
CARB-19,beta-lactam,324
CARB-2,beta-lactam,325
CARB-20,beta-lactam,326
CARB-21,beta-lactam,327
CARB-22,beta-lactam,328
CARB-23,beta-lactam,329
CARB-3,beta-lactam,330
CARB-4,beta-lactam,331
CARB-5,beta-lactam,332
CARB-6,beta-lactam,333
CARB-7,beta-lactam,334
CARB-8,beta-lactam,335
CARB-9,beta-lactam,336
CarO,beta-lactam,337
CAU-1,beta-lactam,338
CAU-1 beta-lactamase,beta-lactam,339
CAU-1-beta-lactamase,beta-lactam,340
CblA-1,beta-lactam,341
CBP-1,beta-lactam,342
CCRA,beta-lactam,343
CcrA beta-lactamase,beta-lactam,344
CcrA-beta-lactamase,beta-lactam,345
CEPA,beta-lactam,346
cepA beta-lactamase,beta-lactam,347
cepA-beta-lactamase,beta-lactam,348
CEPH-A3,beta-lactam,349
CEPS,beta-lactam,350
CepS beta-lactamase,beta-lactam,351
CepS-beta-lactamase,beta-lactam,352
CFE-1,beta-lactam,353
CFR(B),beta-lactam,354
CfxA,beta-lactam,355
CfxA2,beta-lactam,356
CfxA3,beta-lactam,357
CfxA4,beta-lactam,358
CfxA5,beta-lactam,359
CfxA6,beta-lactam,360
CGA-1,beta-lactam,361
CGB-1,beta-lactam,362
CGB-1 beta-lactamase,beta-lactam,363
CGB-1-beta-lactamase,beta-lactam,364
CHRYSEOBACTERIUM_MENINGOSEPTICUM_BLAB,beta-lactam,365
CKO-1,beta-lactam,366
CME-1,beta-lactam,367
CMH-1,beta-lactam,368
CMY-1,beta-lactam,369
CMY-10,beta-lactam,370
CMY-100,beta-lactam,371
CMY-101,beta-lactam,372
CMY-102,beta-lactam,373
CMY-103,beta-lactam,374
CMY-104,beta-lactam,375
CMY-105,beta-lactam,376
CMY-108,beta-lactam,377
CMY-11,beta-lactam,378
CMY-110,beta-lactam,379
CMY-111,beta-lactam,380
CMY-112,beta-lactam,381
CMY-113,beta-lactam,382
CMY-114,beta-lactam,383
CMY-115,beta-lactam,384
CMY-116,beta-lactam,385
CMY-117,beta-lactam,386
CMY-118,beta-lactam,387
CMY-119,beta-lactam,388
CMY-12,beta-lactam,389
CMY-13,beta-lactam,390
CMY-14,beta-lactam,391
CMY-15,beta-lactam,392
CMY-16,beta-lactam,393
CMY-17,beta-lactam,394
CMY-18,beta-lactam,395
CMY-19,beta-lactam,396
CMY-2,beta-lactam,397
CMY-20,beta-lactam,398
CMY-21,beta-lactam,399
CMY-22,beta-lactam,400
CMY-23,beta-lactam,401
CMY-24,beta-lactam,402
CMY-25,beta-lactam,403
CMY-26,beta-lactam,404
CMY-27,beta-lactam,405
CMY-28,beta-lactam,406
CMY-29,beta-lactam,407
CMY-30,beta-lactam,408
CMY-31,beta-lactam,409
CMY-32,beta-lactam,410
CMY-33,beta-lactam,411
CMY-34,beta-lactam,412
CMY-35,beta-lactam,413
CMY-36,beta-lactam,414
CMY-37,beta-lactam,415
CMY-38,beta-lactam,416
CMY-39,beta-lactam,417
CMY-4,beta-lactam,418
CMY-40,beta-lactam,419
CMY-41,beta-lactam,420
CMY-42,beta-lactam,421
CMY-43,beta-lactam,422
CMY-44,beta-lactam,423
CMY-45,beta-lactam,424
CMY-46,beta-lactam,425
CMY-47,beta-lactam,426
CMY-48,beta-lactam,427
CMY-49,beta-lactam,428
CMY-5,beta-lactam,429
CMY-50,beta-lactam,430
CMY-51,beta-lactam,431
CMY-53,beta-lactam,432
CMY-54,beta-lactam,433
CMY-55,beta-lactam,434
CMY-56,beta-lactam,435
CMY-57,beta-lactam,436
CMY-58,beta-lactam,437
CMY-59,beta-lactam,438
CMY-6,beta-lactam,439
CMY-60,beta-lactam,440
CMY-61,beta-lactam,441
CMY-62,beta-lactam,442
CMY-63,beta-lactam,443
CMY-64,beta-lactam,444
CMY-65,beta-lactam,445
CMY-66,beta-lactam,446
CMY-67,beta-lactam,447
CMY-68,beta-lactam,448
CMY-69,beta-lactam,449
CMY-7,beta-lactam,450
CMY-70,beta-lactam,451
CMY-71,beta-lactam,452
CMY-72,beta-lactam,453
CMY-73,beta-lactam,454
CMY-74,beta-lactam,455
CMY-75,beta-lactam,456
CMY-76,beta-lactam,457
CMY-77,beta-lactam,458
CMY-78,beta-lactam,459
CMY-79,beta-lactam,460
CMY-8,beta-lactam,461
CMY-80,beta-lactam,462
CMY-81,beta-lactam,463
CMY-82,beta-lactam,464
CMY-83,beta-lactam,465
CMY-84,beta-lactam,466
CMY-85,beta-lactam,467
CMY-86,beta-lactam,468
CMY-87,beta-lactam,469
CMY-9,beta-lactam,470
CMY-90,beta-lactam,471
CMY-93,beta-lactam,472
CMY-94,beta-lactam,473
CMY-95,beta-lactam,474
CMY-98,beta-lactam,475
CMY-99,beta-lactam,476
cphA2,beta-lactam,477
CPHA3,beta-lactam,478
cphA4,beta-lactam,479
cphA5,beta-lactam,480
cphA6,beta-lactam,481
cphA7,beta-lactam,482
cphA8,beta-lactam,483
CPS-1,beta-lactam,484
CTX-M-1,beta-lactam,485
CTX-M-10,beta-lactam,486
CTX-M-100,beta-lactam,487
CTX-M-101,beta-lactam,488
CTX-M-102,beta-lactam,489
CTX-M-103,beta-lactam,490
CTX-M-104,beta-lactam,491
CTX-M-105,beta-lactam,492
CTX-M-106,beta-lactam,493
CTX-M-107,beta-lactam,494
CTX-M-108,beta-lactam,495
CTX-M-109,beta-lactam,496
CTX-M-11,beta-lactam,497
CTX-M-110,beta-lactam,498
CTX-M-111,beta-lactam,499
CTX-M-112,beta-lactam,500
CTX-M-113,beta-lactam,501
CTX-M-114,beta-lactam,502
CTX-M-115,beta-lactam,503
CTX-M-116,beta-lactam,504
CTX-M-117,beta-lactam,505
CTX-M-12,beta-lactam,506
CTX-M-121,beta-lactam,507
CTX-M-122,beta-lactam,508
CTX-M-123,beta-lactam,509
CTX-M-124,beta-lactam,510
CTX-M-125,beta-lactam,511
CTX-M-126,beta-lactam,512
CTX-M-129,beta-lactam,513
CTX-M-13,beta-lactam,514
CTX-M-130,beta-lactam,515
CTX-M-131,beta-lactam,516
CTX-M-132,beta-lactam,517
CTX-M-134,beta-lactam,518
CTX-M-136,beta-lactam,519
CTX-M-137,beta-lactam,520
CTX-M-139,beta-lactam,521
CTX-M-14,beta-lactam,522
CTX-M-141,beta-lactam,523
CTX-M-142,beta-lactam,524
CTX-M-144,beta-lactam,525
CTX-M-147,beta-lactam,526
CTX-M-148,beta-lactam,527
CTX-M-15,beta-lactam,528
CTX-M-151,beta-lactam,529
CTX-M-152,beta-lactam,530
CTX-M-155,beta-lactam,531
CTX-M-156,beta-lactam,532
CTX-M-157,beta-lactam,533
CTX-M-158,beta-lactam,534
CTX-M-159,beta-lactam,535
CTX-M-16,beta-lactam,536
CTX-M-160,beta-lactam,537
CTX-M-17,beta-lactam,538
CTX-M-19,beta-lactam,539
CTX-M-2,beta-lactam,540
CTX-M-20,beta-lactam,541
CTX-M-21,beta-lactam,542
CTX-M-22,beta-lactam,543
CTX-M-23,beta-lactam,544
CTX-M-24,beta-lactam,545
CTX-M-25,beta-lactam,546
CTX-M-26,beta-lactam,547
CTX-M-27,beta-lactam,548
CTX-M-28,beta-lactam,549
CTX-M-29,beta-lactam,550
CTX-M-3,beta-lactam,551
CTX-M-30,beta-lactam,552
CTX-M-31,beta-lactam,553
CTX-M-32,beta-lactam,554
CTX-M-33,beta-lactam,555
CTX-M-34,beta-lactam,556
CTX-M-35,beta-lactam,557
CTX-M-36,beta-lactam,558
CTX-M-37,beta-lactam,559
CTX-M-38,beta-lactam,560
CTX-M-39,beta-lactam,561
CTX-M-4,beta-lactam,562
CTX-M-40,beta-lactam,563
CTX-M-41,beta-lactam,564
CTX-M-42,beta-lactam,565
CTX-M-43,beta-lactam,566
CTX-M-44,beta-lactam,567
CTX-M-45,beta-lactam,568
CTX-M-46,beta-lactam,569
CTX-M-47,beta-lactam,570
CTX-M-48,beta-lactam,571
CTX-M-49,beta-lactam,572
CTX-M-5,beta-lactam,573
CTX-M-50,beta-lactam,574
CTX-M-51,beta-lactam,575
CTX-M-52,beta-lactam,576
CTX-M-53,beta-lactam,577
CTX-M-54,beta-lactam,578
CTX-M-55,beta-lactam,579
CTX-M-56,beta-lactam,580
CTX-M-58,beta-lactam,581
CTX-M-59,beta-lactam,582
CTX-M-6,beta-lactam,583
CTX-M-60,beta-lactam,584
CTX-M-61,beta-lactam,585
CTX-M-62,beta-lactam,586
CTX-M-63,beta-lactam,587
CTX-M-64,beta-lactam,588
CTX-M-65,beta-lactam,589
CTX-M-66,beta-lactam,590
CTX-M-67,beta-lactam,591
CTX-M-68,beta-lactam,592
CTX-M-69,beta-lactam,593
CTX-M-7,beta-lactam,594
CTX-M-71,beta-lactam,595
CTX-M-72,beta-lactam,596
CTX-M-74,beta-lactam,597
CTX-M-75,beta-lactam,598
CTX-M-76,beta-lactam,599
CTX-M-77,beta-lactam,600
CTX-M-78,beta-lactam,601
CTX-M-79,beta-lactam,602
CTX-M-8,beta-lactam,603
CTX-M-80,beta-lactam,604
CTX-M-81,beta-lactam,605
CTX-M-82,beta-lactam,606
CTX-M-83,beta-lactam,607
CTX-M-84,beta-lactam,608
CTX-M-85,beta-lactam,609
CTX-M-86,beta-lactam,610
CTX-M-87,beta-lactam,611
CTX-M-88,beta-lactam,612
CTX-M-89,beta-lactam,613
CTX-M-9,beta-lactam,614
CTX-M-90,beta-lactam,615
CTX-M-91,beta-lactam,616
CTX-M-92,beta-lactam,617
CTX-M-93,beta-lactam,618
CTX-M-94,beta-lactam,619
CTX-M-95,beta-lactam,620
CTX-M-96,beta-lactam,621
CTX-M-98,beta-lactam,622
CTX-M-99,beta-lactam,623
DES-1,beta-lactam,624
DHA-1,beta-lactam,625
DHA-10,beta-lactam,626
DHA-12,beta-lactam,627
DHA-13,beta-lactam,628
DHA-14,beta-lactam,629
DHA-15,beta-lactam,630
DHA-16,beta-lactam,631
DHA-17,beta-lactam,632
DHA-18,beta-lactam,633
DHA-19,beta-lactam,634
DHA-2,beta-lactam,635
DHA-20,beta-lactam,636
DHA-21,beta-lactam,637
DHA-22,beta-lactam,638
DHA-3,beta-lactam,639
DHA-5,beta-lactam,640
DHA-6,beta-lactam,641
DHA-7,beta-lactam,642
DIM-1 beta-lactamase,beta-lactam,643
DIM-1-beta-lactamase,beta-lactam,644
EBR-1 beta-lactamase,beta-lactam,645
EBR-1_BETA-LACTAMASE,beta-lactam,646
EBR-1-beta-lactamase,beta-lactam,647
EBR-2,beta-lactam,648
Enterobacter aerogenes omp36 with mutation,beta-lactam,649
Enterobacter cloacae acrA,beta-lactam,650
ERP-1,beta-lactam,651
ESCHERICHIA_COLI_AMPC_BETA-LACTAMASE,beta-lactam,652
ESCHERICHIA_COLI_AMPC1_BETA-LACTAMASE,beta-lactam,653
ESCHERICHIA_COLI_AMPH_BETA-LACTAMASE,beta-lactam,654
Escherichia-coli-ampC,beta-lactam,655
ESP-1,beta-lactam,656
EXO,beta-lactam,657
EXO beta-lactamase,beta-lactam,658
EXO-1,beta-lactam,659
FAR-1,beta-lactam,660
FEZ-1,beta-lactam,661
FEZ-1 beta-lactamase,beta-lactam,662
FEZ-1-beta-lactamase,beta-lactam,663
FONA-1,beta-lactam,664
FONA-3,beta-lactam,665
FONA-5,beta-lactam,666
FONA-6,beta-lactam,667
FOX-1,beta-lactam,668
FOX-10,beta-lactam,669
FOX-2,beta-lactam,670
FOX-3,beta-lactam,671
FOX-4,beta-lactam,672
FOX-5,beta-lactam,673
FOX-7,beta-lactam,674
FOX-8,beta-lactam,675
FOX-9,beta-lactam,676
GES-1,beta-lactam,677
GES-10,beta-lactam,678
GES-11,beta-lactam,679
GES-12,beta-lactam,680
GES-13,beta-lactam,681
GES-14,beta-lactam,682
GES-15,beta-lactam,683
GES-16,beta-lactam,684
GES-17,beta-lactam,685
GES-18,beta-lactam,686
GES-19,beta-lactam,687
GES-2,beta-lactam,688
GES-20,beta-lactam,689
GES-21,beta-lactam,690
GES-22,beta-lactam,691
GES-23,beta-lactam,692
GES-24,beta-lactam,693
GES-26,beta-lactam,694
GES-3,beta-lactam,695
GES-4,beta-lactam,696
GES-5,beta-lactam,697
GES-6,beta-lactam,698
GES-7,beta-lactam,699
GES-8,beta-lactam,700
GES-9,beta-lactam,701
GIM-1,beta-lactam,702
GIM-2,beta-lactam,703
GOB-1,beta-lactam,704
GOB-1 beta-lactamase,beta-lactam,705
GOB-1-beta-lactamase,beta-lactam,706
GOB-10,beta-lactam,707
GOB-11,beta-lactam,708
GOB-12,beta-lactam,709
GOB-13,beta-lactam,710
GOB-16,beta-lactam,711
GOB-18,beta-lactam,712
GOB-5,beta-lactam,713
GOB-7,beta-lactam,714
Haemophilus influenzae PBP3 conferring resistance to beta-lactam antibiotics,beta-lactam,715
HERA-1,beta-lactam,716
HERA-8,beta-lactam,717
HMB-1 beta-lactamase,beta-lactam,718
IMI-1,beta-lactam,719
IMI-2,beta-lactam,720
IMI-3,beta-lactam,721
IMI-4,beta-lactam,722
IMI-7,beta-lactam,723
imiH,beta-lactam,724
imiS,beta-lactam,725
IMP-1,beta-lactam,726
IMP-10,beta-lactam,727
IMP-11,beta-lactam,728
IMP-12,beta-lactam,729
IMP-13,beta-lactam,730
IMP-14,beta-lactam,731
IMP-15,beta-lactam,732
IMP-16,beta-lactam,733
IMP-18,beta-lactam,734
IMP-19,beta-lactam,735
IMP-2,beta-lactam,736
IMP-20,beta-lactam,737
IMP-21,beta-lactam,738
IMP-22,beta-lactam,739
IMP-24,beta-lactam,740
IMP-25,beta-lactam,741
IMP-26,beta-lactam,742
IMP-27,beta-lactam,743
IMP-28,beta-lactam,744
IMP-29,beta-lactam,745
IMP-3,beta-lactam,746
IMP-30,beta-lactam,747
IMP-31,beta-lactam,748
IMP-32,beta-lactam,749
IMP-33,beta-lactam,750
IMP-34,beta-lactam,751
IMP-35,beta-lactam,752
IMP-37,beta-lactam,753
IMP-38,beta-lactam,754
IMP-4,beta-lactam,755
IMP-40,beta-lactam,756
IMP-41,beta-lactam,757
IMP-42,beta-lactam,758
IMP-43,beta-lactam,759
IMP-44,beta-lactam,760
IMP-45,beta-lactam,761
IMP-47,beta-lactam,762
IMP-48,beta-lactam,763
IMP-5,beta-lactam,764
IMP-51,beta-lactam,765
IMP-6,beta-lactam,766
IMP-7,beta-lactam,767
IMP-8,beta-lactam,768
IMP-9,beta-lactam,769
IND-1,beta-lactam,770
IND-10,beta-lactam,771
IND-11,beta-lactam,772
IND-12,beta-lactam,773
IND-14,beta-lactam,774
IND-15,beta-lactam,775
IND-2,beta-lactam,776
IND-2a,beta-lactam,777
IND-3,beta-lactam,778
IND-4,beta-lactam,779
IND-5,beta-lactam,780
IND-6,beta-lactam,781
IND-7,beta-lactam,782
IND-8,beta-lactam,783
IND-9,beta-lactam,784
JOHN-1,beta-lactam,785
JOHN-1 beta-lactamase,beta-lactam,786
JOHN-1-beta-lactamase,beta-lactam,787
KHM-1,beta-lactam,788
KHM-1 beta-lactamase,beta-lactam,789
Klebsiella pneumoniae OmpK35,beta-lactam,790
Klebsiella pneumoniae OmpK36,beta-lactam,791
Klebsiella pneumoniae OmpK37,beta-lactam,792
KLEBSIELLA_PNEUMONIAE_OMPK37,beta-lactam,793
Klebsiella-pneumoniae-OmpK35,beta-lactam,794
Klebsiella-pneumoniae-OmpK36,beta-lactam,795
Klebsiella-pneumoniae-OmpK37,beta-lactam,796
KPC-1,beta-lactam,797
KPC-10,beta-lactam,798
KPC-11,beta-lactam,799
KPC-12,beta-lactam,800
KPC-13,beta-lactam,801
KPC-14,beta-lactam,802
KPC-15,beta-lactam,803
KPC-16,beta-lactam,804
KPC-17,beta-lactam,805
KPC-19,beta-lactam,806
KPC-22,beta-lactam,807
KPC-3,beta-lactam,808
KPC-4,beta-lactam,809
KPC-5,beta-lactam,810
KPC-6,beta-lactam,811
KPC-7,beta-lactam,812
KPC-8,beta-lactam,813
KPC-9,beta-lactam,814
L1 beta-lactamase,beta-lactam,815
L1_BETA-LACTAMASE,beta-lactam,816
L1-beta-lactamase,beta-lactam,817
Laribacter hongkongensis ampC beta-lactamase,beta-lactam,818
LARIBACTER_HONGKONGENSIS_AMPC_BETA-LACTAMASE,beta-lactam,819
Laribacter-hongkongensis-ampC-beta-lactamase,beta-lactam,820
LAT-1,beta-lactam,821
LCR-1,beta-lactam,822
LEN-1,beta-lactam,823
LEN-10,beta-lactam,824
LEN-11,beta-lactam,825
LEN-12,beta-lactam,826
LEN-13,beta-lactam,827
LEN-14,beta-lactam,828
LEN-15,beta-lactam,829
LEN-16,beta-lactam,830
LEN-18,beta-lactam,831
LEN-19,beta-lactam,832
LEN-2,beta-lactam,833
LEN-20,beta-lactam,834
LEN-21,beta-lactam,835
LEN-22,beta-lactam,836
LEN-23,beta-lactam,837
LEN-24,beta-lactam,838
LEN-26,beta-lactam,839
LEN-3,beta-lactam,840
LEN-4,beta-lactam,841
LEN-5,beta-lactam,842
LEN-6,beta-lactam,843
LEN-7,beta-lactam,844
LEN-8,beta-lactam,845
LEN-9,beta-lactam,846
LRA-1,beta-lactam,847
LRA-10,beta-lactam,848
LRA-12,beta-lactam,849
LRA-13,beta-lactam,850
LRA-17,beta-lactam,851
LRA-18,beta-lactam,852
LRA-19,beta-lactam,853
LRA-2,beta-lactam,854
LRA-3,beta-lactam,855
LRA-5,beta-lactam,856
LRA-7,beta-lactam,857
LRA-8,beta-lactam,858
LRA-9,beta-lactam,859
mecA,beta-lactam,860
mecB,beta-lactam,861
mecC,beta-lactam,862
mecD,beta-lactam,863
mecI,beta-lactam,864
mecR1,beta-lactam,865
MIR-1,beta-lactam,866
MIR-10,beta-lactam,867
MIR-11,beta-lactam,868
MIR-12,beta-lactam,869
MIR-13,beta-lactam,870
MIR-14,beta-lactam,871
MIR-15,beta-lactam,872
MIR-16,beta-lactam,873
MIR-17,beta-lactam,874
MIR-2,beta-lactam,875
MIR-3,beta-lactam,876
MIR-4,beta-lactam,877
MIR-5,beta-lactam,878
MIR-6,beta-lactam,879
MIR-8,beta-lactam,880
MIR-9,beta-lactam,881
Moraxella catarrhalis M35,beta-lactam,882
Moraxella-catarrhalis-M35,beta-lactam,883
MOX-1,beta-lactam,884
MOX-2,beta-lactam,885
MOX-3,beta-lactam,886
MOX-4,beta-lactam,887
MOX-5,beta-lactam,888
MOX-6,beta-lactam,889
MOX-7,beta-lactam,890
MOX-8,beta-lactam,891
MOX-9,beta-lactam,892
MSI-1,beta-lactam,893
MSI-OXA,beta-lactam,894
MUS-1 beta-lactamase,beta-lactam,895
MUS-2 beta-lactamase,beta-lactam,896
MUS-2-beta-lactamase,beta-lactam,897
NDM-1,beta-lactam,898
NDM-10,beta-lactam,899
NDM-12,beta-lactam,900
NDM-13,beta-lactam,901
NDM-14,beta-lactam,902
NDM-17,beta-lactam,903
NDM-2,beta-lactam,904
NDM-3,beta-lactam,905
NDM-4,beta-lactam,906
NDM-5,beta-lactam,907
NDM-6,beta-lactam,908
NDM-7,beta-lactam,909
NDM-8,beta-lactam,910
NDM-9,beta-lactam,911
Neisseria meningititis PBP2 conferring resistance to beta-lactam,beta-lactam,912
NmcA beta-lactamase,beta-lactam,913
NmcR,beta-lactam,914
NPS-1,beta-lactam,915
OCH-1,beta-lactam,916
OCH-2,beta-lactam,917
OCH-3,beta-lactam,918
OCH-4,beta-lactam,919
OCH-5,beta-lactam,920
OCH-6,beta-lactam,921
OCH-7,beta-lactam,922
OCH-8,beta-lactam,923
OKP-A-1,beta-lactam,924
OKP-A-10,beta-lactam,925
OKP-A-11,beta-lactam,926
OKP-A-12,beta-lactam,927
OKP-A-13,beta-lactam,928
OKP-A-14,beta-lactam,929
OKP-A-15,beta-lactam,930
OKP-A-16,beta-lactam,931
OKP-A-2,beta-lactam,932
OKP-A-3,beta-lactam,933
OKP-A-4,beta-lactam,934
OKP-A-5,beta-lactam,935
OKP-A-6,beta-lactam,936
OKP-A-7,beta-lactam,937
OKP-A-8,beta-lactam,938
OKP-A-9,beta-lactam,939
OKP-B-1,beta-lactam,940
OKP-B-10,beta-lactam,941
OKP-B-11,beta-lactam,942
OKP-B-12,beta-lactam,943
OKP-B-13,beta-lactam,944
OKP-B-17,beta-lactam,945
OKP-B-18,beta-lactam,946
OKP-B-19,beta-lactam,947
OKP-B-2,beta-lactam,948
OKP-B-20,beta-lactam,949
OKP-B-3,beta-lactam,950
OKP-B-4,beta-lactam,951
OKP-B-5,beta-lactam,952
OKP-B-6,beta-lactam,953
OKP-B-7,beta-lactam,954
OKP-B-8,beta-lactam,955
OKP-B-9,beta-lactam,956
OXA-1,beta-lactam,957
OXA-10,beta-lactam,958
OXA-100,beta-lactam,959
OXA-101,beta-lactam,960
OXA-104,beta-lactam,961
OXA-106,beta-lactam,962
OXA-107,beta-lactam,963
OXA-108,beta-lactam,964
OXA-109,beta-lactam,965
OXA-11,beta-lactam,966
OXA-110,beta-lactam,967
OXA-111,beta-lactam,968
OXA-112,beta-lactam,969
OXA-113,beta-lactam,970
OXA-114a,beta-lactam,971
OXA-115,beta-lactam,972
OXA-116,beta-lactam,973
OXA-117,beta-lactam,974
OXA-118,beta-lactam,975
OXA-119,beta-lactam,976
OXA-12,beta-lactam,977
OXA-120,beta-lactam,978
OXA-121,beta-lactam,979
OXA-125,beta-lactam,980
OXA-128,beta-lactam,981
OXA-129,beta-lactam,982
OXA-13,beta-lactam,983
OXA-130,beta-lactam,984
OXA-131,beta-lactam,985
OXA-132,beta-lactam,986
OXA-133,beta-lactam,987
OXA-134,beta-lactam,988
OXA-136,beta-lactam,989
OXA-137,beta-lactam,990
OXA-138,beta-lactam,991
OXA-139,beta-lactam,992
OXA-14,beta-lactam,993
OXA-141,beta-lactam,994
OXA-142,beta-lactam,995
OXA-143,beta-lactam,996
OXA-144,beta-lactam,997
OXA-145,beta-lactam,998
OXA-146,beta-lactam,999
OXA-147,beta-lactam,1000
OXA-148,beta-lactam,1001
OXA-149,beta-lactam,1002
OXA-15,beta-lactam,1003
OXA-150,beta-lactam,1004
OXA-152,beta-lactam,1005
OXA-153,beta-lactam,1006
OXA-16,beta-lactam,1007
OXA-160,beta-lactam,1008
OXA-161,beta-lactam,1009
OXA-162,beta-lactam,1010
OXA-163,beta-lactam,1011
OXA-164,beta-lactam,1012
OXA-165,beta-lactam,1013
OXA-166,beta-lactam,1014
OXA-167,beta-lactam,1015
OXA-168,beta-lactam,1016
OXA-169,beta-lactam,1017
OXA-17,beta-lactam,1018
OXA-170,beta-lactam,1019
OXA-171,beta-lactam,1020
OXA-172,beta-lactam,1021
OXA-173,beta-lactam,1022
OXA-174,beta-lactam,1023
OXA-175,beta-lactam,1024
OXA-176,beta-lactam,1025
OXA-177,beta-lactam,1026
OXA-178,beta-lactam,1027
OXA-179,beta-lactam,1028
OXA-18,beta-lactam,1029
OXA-180,beta-lactam,1030
OXA-181,beta-lactam,1031
OXA-182,beta-lactam,1032
OXA-183,beta-lactam,1033
OXA-184,beta-lactam,1034
OXA-19,beta-lactam,1035
OXA-192,beta-lactam,1036
OXA-194,beta-lactam,1037
OXA-195,beta-lactam,1038
OXA-196,beta-lactam,1039
OXA-197,beta-lactam,1040
OXA-198,beta-lactam,1041
OXA-199,beta-lactam,1042
OXA-2,beta-lactam,1043
OXA-20,beta-lactam,1044
OXA-200,beta-lactam,1045
OXA-201,beta-lactam,1046
OXA-202,beta-lactam,1047
OXA-203,beta-lactam,1048
OXA-204,beta-lactam,1049
OXA-205,beta-lactam,1050
OXA-206,beta-lactam,1051
OXA-207,beta-lactam,1052
OXA-208,beta-lactam,1053
OXA-209,beta-lactam,1054
OXA-21,beta-lactam,1055
OXA-210,beta-lactam,1056
OXA-211,beta-lactam,1057
OXA-212,beta-lactam,1058
OXA-213,beta-lactam,1059
OXA-214,beta-lactam,1060
OXA-215,beta-lactam,1061
OXA-216,beta-lactam,1062
OXA-217,beta-lactam,1063
OXA-219,beta-lactam,1064
OXA-22,beta-lactam,1065
OXA-223,beta-lactam,1066
OXA-224,beta-lactam,1067
OXA-225,beta-lactam,1068
OXA-226,beta-lactam,1069
OXA-228,beta-lactam,1070
OXA-229,beta-lactam,1071
OXA-23,beta-lactam,1072
OXA-230,beta-lactam,1073
OXA-231,beta-lactam,1074
OXA-232,beta-lactam,1075
OXA-233,beta-lactam,1076
OXA-235,beta-lactam,1077
OXA-236,beta-lactam,1078
OXA-237,beta-lactam,1079
OXA-239,beta-lactam,1080
OXA-24,beta-lactam,1081
OXA-240,beta-lactam,1082
OXA-241,beta-lactam,1083
OXA-242,beta-lactam,1084
OXA-243,beta-lactam,1085
OXA-244,beta-lactam,1086
OXA-245,beta-lactam,1087
OXA-246,beta-lactam,1088
OXA-247,beta-lactam,1089
OXA-248,beta-lactam,1090
OXA-249,beta-lactam,1091
OXA-25,beta-lactam,1092
OXA-250,beta-lactam,1093
OXA-251,beta-lactam,1094
OXA-253,beta-lactam,1095
OXA-254,beta-lactam,1096
OXA-255,beta-lactam,1097
OXA-256,beta-lactam,1098
OXA-257,beta-lactam,1099
OXA-258,beta-lactam,1100
OXA-26,beta-lactam,1101
OXA-266,beta-lactam,1102
OXA-27,beta-lactam,1103
OXA-270,beta-lactam,1104
OXA-272,beta-lactam,1105
OXA-274,beta-lactam,1106
OXA-275,beta-lactam,1107
OXA-277,beta-lactam,1108
OXA-278,beta-lactam,1109
OXA-28,beta-lactam,1110
OXA-280,beta-lactam,1111
OXA-281,beta-lactam,1112
OXA-282,beta-lactam,1113
OXA-285,beta-lactam,1114
OXA-286,beta-lactam,1115
OXA-287,beta-lactam,1116
OXA-288,beta-lactam,1117
OXA-29,beta-lactam,1118
OXA-291,beta-lactam,1119
OXA-294,beta-lactam,1120
OXA-296,beta-lactam,1121
OXA-297,beta-lactam,1122
OXA-298,beta-lactam,1123
OXA-299,beta-lactam,1124
OXA-3,beta-lactam,1125
OXA-300,beta-lactam,1126
OXA-304,beta-lactam,1127
OXA-306,beta-lactam,1128
OXA-308,beta-lactam,1129
OXA-309,beta-lactam,1130
OXA-31,beta-lactam,1131
OXA-312,beta-lactam,1132
OXA-313,beta-lactam,1133
OXA-314,beta-lactam,1134
OXA-315,beta-lactam,1135
OXA-316,beta-lactam,1136
OXA-317,beta-lactam,1137
OXA-32,beta-lactam,1138
OXA-320,beta-lactam,1139
OXA-322,beta-lactam,1140
OXA-323,beta-lactam,1141
OXA-324,beta-lactam,1142
OXA-325,beta-lactam,1143
OXA-326,beta-lactam,1144
OXA-327,beta-lactam,1145
OXA-328,beta-lactam,1146
OXA-329,beta-lactam,1147
OXA-33,beta-lactam,1148
OXA-330,beta-lactam,1149
OXA-331,beta-lactam,1150
OXA-332,beta-lactam,1151
OXA-333,beta-lactam,1152
OXA-334,beta-lactam,1153
OXA-335,beta-lactam,1154
OXA-338,beta-lactam,1155
OXA-34,beta-lactam,1156
OXA-347,beta-lactam,1157
OXA-348,beta-lactam,1158
OXA-349,beta-lactam,1159
OXA-35,beta-lactam,1160
OXA-350,beta-lactam,1161
OXA-351,beta-lactam,1162
OXA-352,beta-lactam,1163
OXA-353,beta-lactam,1164
OXA-354,beta-lactam,1165
OXA-355,beta-lactam,1166
OXA-356,beta-lactam,1167
OXA-357,beta-lactam,1168
OXA-358,beta-lactam,1169
OXA-359,beta-lactam,1170
OXA-36,beta-lactam,1171
OXA-360,beta-lactam,1172
OXA-361,beta-lactam,1173
OXA-362,beta-lactam,1174
OXA-363,beta-lactam,1175
OXA-364,beta-lactam,1176
OXA-365,beta-lactam,1177
OXA-366,beta-lactam,1178
OXA-368,beta-lactam,1179
OXA-37,beta-lactam,1180
OXA-370,beta-lactam,1181
OXA-371,beta-lactam,1182
OXA-372,beta-lactam,1183
OXA-373,beta-lactam,1184
OXA-374,beta-lactam,1185
OXA-375,beta-lactam,1186
OXA-376,beta-lactam,1187
OXA-377,beta-lactam,1188
OXA-378,beta-lactam,1189
OXA-379,beta-lactam,1190
OXA-380,beta-lactam,1191
OXA-381,beta-lactam,1192
OXA-382,beta-lactam,1193
OXA-383,beta-lactam,1194
OXA-384,beta-lactam,1195
OXA-385,beta-lactam,1196
OXA-386,beta-lactam,1197
OXA-387,beta-lactam,1198
OXA-388,beta-lactam,1199
OXA-389,beta-lactam,1200
OXA-390,beta-lactam,1201
OXA-391,beta-lactam,1202
OXA-392,beta-lactam,1203
OXA-397,beta-lactam,1204
OXA-398,beta-lactam,1205
OXA-4,beta-lactam,1206
OXA-407,beta-lactam,1207
OXA-415,beta-lactam,1208
OXA-417,beta-lactam,1209
OXA-418,beta-lactam,1210
OXA-42,beta-lactam,1211
OXA-420,beta-lactam,1212
OXA-421,beta-lactam,1213
OXA-422,beta-lactam,1214
OXA-423,beta-lactam,1215
OXA-424,beta-lactam,1216
OXA-425,beta-lactam,1217
OXA-426,beta-lactam,1218
OXA-427,beta-lactam,1219
OXA-43,beta-lactam,1220
OXA-435,beta-lactam,1221
OXA-436,beta-lactam,1222
OXA-443,beta-lactam,1223
OXA-444,beta-lactam,1224
OXA-45,beta-lactam,1225
OXA-454,beta-lactam,1226
OXA-457,beta-lactam,1227
OXA-459,beta-lactam,1228
OXA-46,beta-lactam,1229
OXA-464,beta-lactam,1230
OXA-47,beta-lactam,1231
OXA-48,beta-lactam,1232
OXA-486,beta-lactam,1233
OXA-49,beta-lactam,1234
OXA-5,beta-lactam,1235
OXA-50,beta-lactam,1236
OXA-51,beta-lactam,1237
OXA-53,beta-lactam,1238
OXA-535,beta-lactam,1239
OXA-54,beta-lactam,1240
OXA-55,beta-lactam,1241
OXA-56,beta-lactam,1242
OXA-57,beta-lactam,1243
OXA-58,beta-lactam,1244
OXA-59,beta-lactam,1245
OXA-60,beta-lactam,1246
OXA-61,beta-lactam,1247
OXA-62,beta-lactam,1248
OXA-63,beta-lactam,1249
OXA-64,beta-lactam,1250
OXA-65,beta-lactam,1251
OXA-66,beta-lactam,1252
OXA-664,beta-lactam,1253
OXA-665,beta-lactam,1254
OXA-67,beta-lactam,1255
OXA-68,beta-lactam,1256
OXA-69,beta-lactam,1257
OXA-7,beta-lactam,1258
OXA-70,beta-lactam,1259
OXA-71,beta-lactam,1260
OXA-72,beta-lactam,1261
OXA-724,beta-lactam,1262
OXA-73,beta-lactam,1263
OXA-74,beta-lactam,1264
OXA-75,beta-lactam,1265
OXA-76,beta-lactam,1266
OXA-77,beta-lactam,1267
OXA-78,beta-lactam,1268
OXA-79,beta-lactam,1269
OXA-80,beta-lactam,1270
OXA-82,beta-lactam,1271
OXA-83,beta-lactam,1272
OXA-84,beta-lactam,1273
OXA-85,beta-lactam,1274
OXA-86,beta-lactam,1275
OXA-87,beta-lactam,1276
OXA-88,beta-lactam,1277
OXA-89,beta-lactam,1278
OXA-9,beta-lactam,1279
OXA-90,beta-lactam,1280
OXA-91,beta-lactam,1281
OXA-92,beta-lactam,1282
OXA-93,beta-lactam,1283
OXA-94,beta-lactam,1284
OXA-95,beta-lactam,1285
OXA-96,beta-lactam,1286
OXA-97,beta-lactam,1287
OXA-98,beta-lactam,1288
OXA-99,beta-lactam,1289
OXY-1-1,beta-lactam,1290
OXY-1-2,beta-lactam,1291
OXY-1-3,beta-lactam,1292
OXY-1-4,beta-lactam,1293
OXY-1-6,beta-lactam,1294
OXY-2-1,beta-lactam,1295
OXY-2-10,beta-lactam,1296
OXY-2-2,beta-lactam,1297
OXY-2-3,beta-lactam,1298
OXY-2-4,beta-lactam,1299
OXY-2-5,beta-lactam,1300
OXY-2-6,beta-lactam,1301
OXY-2-7,beta-lactam,1302
OXY-2-8,beta-lactam,1303
OXY-2-9,beta-lactam,1304
OXY-3-1,beta-lactam,1305
OXY-4-1,beta-lactam,1306
OXY-5-1,beta-lactam,1307
OXY-5-2,beta-lactam,1308
OXY-6-1,beta-lactam,1309
OXY-6-2,beta-lactam,1310
OXY-6-3,beta-lactam,1311
OXY-6-4,beta-lactam,1312
PC1 beta-lactamase (blaZ),beta-lactam,1313
PC1_BETA-LACTAMASE_(BLAZ),beta-lactam,1314
PDC-1,beta-lactam,1315
PDC-10,beta-lactam,1316
PDC-2,beta-lactam,1317
PDC-3,beta-lactam,1318
PDC-4,beta-lactam,1319
PDC-5,beta-lactam,1320
PDC-6,beta-lactam,1321
PDC-7,beta-lactam,1322
PDC-73,beta-lactam,1323
PDC-74,beta-lactam,1324
PDC-75,beta-lactam,1325
PDC-76,beta-lactam,1326
PDC-77,beta-lactam,1327
PDC-78,beta-lactam,1328
PDC-79,beta-lactam,1329
PDC-8,beta-lactam,1330
PDC-80,beta-lactam,1331
PDC-81,beta-lactam,1332
PDC-82,beta-lactam,1333
PDC-83,beta-lactam,1334
PDC-84,beta-lactam,1335
PDC-85,beta-lactam,1336
PDC-86,beta-lactam,1337
PDC-87,beta-lactam,1338
PDC-88,beta-lactam,1339
PDC-89,beta-lactam,1340
PDC-9,beta-lactam,1341
PDC-90,beta-lactam,1342
PDC-91,beta-lactam,1343
PDC-92,beta-lactam,1344
PDC-93,beta-lactam,1345
PEDO-1,beta-lactam,1346
PEDO-2,beta-lactam,1347
PEDO-3,beta-lactam,1348
PER-1,beta-lactam,1349
PER-2,beta-lactam,1350
PER-3,beta-lactam,1351
PER-4,beta-lactam,1352
PER-5,beta-lactam,1353
PER-6,beta-lactam,1354
PER-7,beta-lactam,1355
PNGM-1,beta-lactam,1356
porin-OmpC,beta-lactam,1357
Pseudomonas aeruginosa oprD with mutation conferring resistance to imipenem,beta-lactam,1358
R39,beta-lactam,1359
r39 beta-lactamase,beta-lactam,1360
RCP-1,beta-lactam,1361
Rhodobacter sphaeroides ampC beta-lactamase,beta-lactam,1362
RHODOBACTER_SPHAEROIDES_AMPC_BETA-LACTAMASE,beta-lactam,1363
Rhodobacter-sphaeroides-ampC-beta-lactamase,beta-lactam,1364
RM3,beta-lactam,1365
Rm3 beta-lactamase,beta-lactam,1366
Rm3-beta-lactamase,beta-lactam,1367
ROB-1,beta-lactam,1368
RSA-1,beta-lactam,1369
RSA-2,beta-lactam,1370
SED-1,beta-lactam,1371
Sed1 beta-lactamase,beta-lactam,1372
Sed1-beta-lactamase,beta-lactam,1373
SFB-1,beta-lactam,1374
SFH-1,beta-lactam,1375
SHV-1,beta-lactam,1376
SHV-100,beta-lactam,1377
SHV-101,beta-lactam,1378
SHV-102,beta-lactam,1379
SHV-103,beta-lactam,1380
SHV-104,beta-lactam,1381
SHV-105,beta-lactam,1382
SHV-106,beta-lactam,1383
SHV-107,beta-lactam,1384
SHV-108,beta-lactam,1385
SHV-109,beta-lactam,1386
SHV-11,beta-lactam,1387
SHV-110,beta-lactam,1388
SHV-111,beta-lactam,1389
SHV-112,beta-lactam,1390
SHV-119,beta-lactam,1391
SHV-12,beta-lactam,1392
SHV-120,beta-lactam,1393
SHV-121,beta-lactam,1394
SHV-122,beta-lactam,1395
SHV-123,beta-lactam,1396
SHV-124,beta-lactam,1397
SHV-125,beta-lactam,1398
SHV-126,beta-lactam,1399
SHV-127,beta-lactam,1400
SHV-128,beta-lactam,1401
SHV-129,beta-lactam,1402
SHV-13,beta-lactam,1403
SHV-133,beta-lactam,1404
SHV-134,beta-lactam,1405
SHV-135,beta-lactam,1406
SHV-137,beta-lactam,1407
SHV-14,beta-lactam,1408
SHV-140,beta-lactam,1409
SHV-141,beta-lactam,1410
SHV-142,beta-lactam,1411
SHV-143,beta-lactam,1412
SHV-144,beta-lactam,1413
SHV-145,beta-lactam,1414
SHV-147,beta-lactam,1415
SHV-148,beta-lactam,1416
SHV-149,beta-lactam,1417
SHV-15,beta-lactam,1418
SHV-150,beta-lactam,1419
SHV-151,beta-lactam,1420
SHV-152,beta-lactam,1421
SHV-153,beta-lactam,1422
SHV-154,beta-lactam,1423
SHV-155,beta-lactam,1424
SHV-156,beta-lactam,1425
SHV-157,beta-lactam,1426
SHV-158,beta-lactam,1427
SHV-159,beta-lactam,1428
SHV-16,beta-lactam,1429
SHV-160,beta-lactam,1430
SHV-161,beta-lactam,1431
SHV-162,beta-lactam,1432
SHV-163,beta-lactam,1433
SHV-164,beta-lactam,1434
SHV-165,beta-lactam,1435
SHV-167,beta-lactam,1436
SHV-168,beta-lactam,1437
SHV-172,beta-lactam,1438
SHV-173,beta-lactam,1439
SHV-178,beta-lactam,1440
SHV-179,beta-lactam,1441
SHV-18,beta-lactam,1442
SHV-180,beta-lactam,1443
SHV-182,beta-lactam,1444
SHV-183,beta-lactam,1445
SHV-185,beta-lactam,1446
SHV-186,beta-lactam,1447
SHV-187,beta-lactam,1448
SHV-188,beta-lactam,1449
SHV-189,beta-lactam,1450
SHV-19,beta-lactam,1451
SHV-2,beta-lactam,1452
SHV-20,beta-lactam,1453
SHV-21,beta-lactam,1454
SHV-22,beta-lactam,1455
SHV-23,beta-lactam,1456
SHV-24,beta-lactam,1457
SHV-25,beta-lactam,1458
SHV-26,beta-lactam,1459
SHV-27,beta-lactam,1460
SHV-28,beta-lactam,1461
SHV-29,beta-lactam,1462
SHV-2A,beta-lactam,1463
SHV-3,beta-lactam,1464
SHV-30,beta-lactam,1465
SHV-31,beta-lactam,1466
SHV-32,beta-lactam,1467
SHV-33,beta-lactam,1468
SHV-34,beta-lactam,1469
SHV-35,beta-lactam,1470
SHV-36,beta-lactam,1471
SHV-37,beta-lactam,1472
SHV-38,beta-lactam,1473
SHV-39,beta-lactam,1474
SHV-40,beta-lactam,1475
SHV-41,beta-lactam,1476
SHV-42,beta-lactam,1477
SHV-43,beta-lactam,1478
SHV-44,beta-lactam,1479
SHV-45,beta-lactam,1480
SHV-46,beta-lactam,1481
SHV-48,beta-lactam,1482
SHV-49,beta-lactam,1483
SHV-5,beta-lactam,1484
SHV-50,beta-lactam,1485
SHV-51,beta-lactam,1486
SHV-52,beta-lactam,1487
SHV-53,beta-lactam,1488
SHV-55,beta-lactam,1489
SHV-56,beta-lactam,1490
SHV-57,beta-lactam,1491
SHV-59,beta-lactam,1492
SHV-6,beta-lactam,1493
SHV-60,beta-lactam,1494
SHV-61,beta-lactam,1495
SHV-62,beta-lactam,1496
SHV-63,beta-lactam,1497
SHV-64,beta-lactam,1498
SHV-65,beta-lactam,1499
SHV-66,beta-lactam,1500
SHV-67,beta-lactam,1501
SHV-69,beta-lactam,1502
SHV-7,beta-lactam,1503
SHV-70,beta-lactam,1504
SHV-71,beta-lactam,1505
SHV-72,beta-lactam,1506
SHV-73,beta-lactam,1507
SHV-74,beta-lactam,1508
SHV-75,beta-lactam,1509
SHV-76,beta-lactam,1510
SHV-77,beta-lactam,1511
SHV-78,beta-lactam,1512
SHV-79,beta-lactam,1513
SHV-8,beta-lactam,1514
SHV-80,beta-lactam,1515
SHV-81,beta-lactam,1516
SHV-82,beta-lactam,1517
SHV-83,beta-lactam,1518
SHV-84,beta-lactam,1519
SHV-85,beta-lactam,1520
SHV-86,beta-lactam,1521
SHV-89,beta-lactam,1522
SHV-9,beta-lactam,1523
SHV-92,beta-lactam,1524
SHV-93,beta-lactam,1525
SHV-94,beta-lactam,1526
SHV-95,beta-lactam,1527
SHV-96,beta-lactam,1528
SHV-97,beta-lactam,1529
SHV-98,beta-lactam,1530
SHV-99,beta-lactam,1531
SIM-1,beta-lactam,1532
SIM-1 beta-lactamase,beta-lactam,1533
SIM-1-beta-lactamase,beta-lactam,1534
SLB-1,beta-lactam,1535
SMB-1,beta-lactam,1536
SMB-1 beta-lactamase,beta-lactam,1537
SMB-1-beta-lactamase,beta-lactam,1538
SME-1,beta-lactam,1539
SME-2,beta-lactam,1540
SME-3,beta-lactam,1541
SME-4,beta-lactam,1542
SME-5,beta-lactam,1543
SPG-1,beta-lactam,1544
SPM-1,beta-lactam,1545
SRT-1,beta-lactam,1546
SRT-2,beta-lactam,1547
STA,beta-lactam,1548
Staphylococcus aureus ileS with mutation conferring resistance to mupirocin,beta-lactam,1549
STAPHYLOCOCCUS_MUPA_CONFERRING_RESISTANCE_TO_MUPIROCIN,beta-lactam,1550
STAPHYLOCOCCUS_MUPB_CONFERRING_RESISTANCE_TO_MUPIROCIN,beta-lactam,1551
Streptococcus pneumoniae PBP1a conferring resistance to amoxicillin,beta-lactam,1552
Streptococcus pneumoniae PBP2b conferring resistance to amoxicillin,beta-lactam,1553
Streptococcus pneumoniae PBP2x conferring resistance to amoxicillin,beta-lactam,1554
TEM-1,beta-lactam,1555
TEM-10,beta-lactam,1556
TEM-101,beta-lactam,1557
TEM-102,beta-lactam,1558
TEM-104,beta-lactam,1559
TEM-105,beta-lactam,1560
TEM-106,beta-lactam,1561
TEM-107,beta-lactam,1562
TEM-108,beta-lactam,1563
TEM-109,beta-lactam,1564
TEM-11,beta-lactam,1565
TEM-110,beta-lactam,1566
TEM-111,beta-lactam,1567
TEM-112,beta-lactam,1568
TEM-113,beta-lactam,1569
TEM-114,beta-lactam,1570
TEM-115,beta-lactam,1571
TEM-116,beta-lactam,1572
TEM-117,beta-lactam,1573
TEM-118,beta-lactam,1574
TEM-12,beta-lactam,1575
TEM-120,beta-lactam,1576
TEM-121,beta-lactam,1577
TEM-122,beta-lactam,1578
TEM-123,beta-lactam,1579
TEM-124,beta-lactam,1580
TEM-125,beta-lactam,1581
TEM-126,beta-lactam,1582
TEM-127,beta-lactam,1583
TEM-128,beta-lactam,1584
TEM-129,beta-lactam,1585
TEM-130,beta-lactam,1586
TEM-131,beta-lactam,1587
TEM-132,beta-lactam,1588
TEM-133,beta-lactam,1589
TEM-134,beta-lactam,1590
TEM-135,beta-lactam,1591
TEM-136,beta-lactam,1592
TEM-137,beta-lactam,1593
TEM-138,beta-lactam,1594
TEM-139,beta-lactam,1595
TEM-141,beta-lactam,1596
TEM-142,beta-lactam,1597
TEM-143,beta-lactam,1598
TEM-144,beta-lactam,1599
TEM-145,beta-lactam,1600
TEM-146,beta-lactam,1601
TEM-147,beta-lactam,1602
TEM-148,beta-lactam,1603
TEM-149,beta-lactam,1604
TEM-15,beta-lactam,1605
TEM-150,beta-lactam,1606
TEM-151,beta-lactam,1607
TEM-152,beta-lactam,1608
TEM-153,beta-lactam,1609
TEM-154,beta-lactam,1610
TEM-155,beta-lactam,1611
TEM-156,beta-lactam,1612
TEM-157,beta-lactam,1613
TEM-158,beta-lactam,1614
TEM-159,beta-lactam,1615
TEM-16,beta-lactam,1616
TEM-160,beta-lactam,1617
TEM-162,beta-lactam,1618
TEM-163,beta-lactam,1619
TEM-164,beta-lactam,1620
TEM-166,beta-lactam,1621
TEM-167,beta-lactam,1622
TEM-168,beta-lactam,1623
TEM-169,beta-lactam,1624
TEM-17,beta-lactam,1625
TEM-171,beta-lactam,1626
TEM-176,beta-lactam,1627
TEM-177,beta-lactam,1628
TEM-178,beta-lactam,1629
TEM-182,beta-lactam,1630
TEM-183,beta-lactam,1631
TEM-184,beta-lactam,1632
TEM-185,beta-lactam,1633
TEM-186,beta-lactam,1634
TEM-187,beta-lactam,1635
TEM-188,beta-lactam,1636
TEM-189,beta-lactam,1637
TEM-19,beta-lactam,1638
TEM-190,beta-lactam,1639
TEM-191,beta-lactam,1640
TEM-192,beta-lactam,1641
TEM-193,beta-lactam,1642
TEM-194,beta-lactam,1643
TEM-195,beta-lactam,1644
TEM-196,beta-lactam,1645
TEM-197,beta-lactam,1646
TEM-198,beta-lactam,1647
TEM-199,beta-lactam,1648
TEM-2,beta-lactam,1649
TEM-20,beta-lactam,1650
TEM-201,beta-lactam,1651
TEM-205,beta-lactam,1652
TEM-206,beta-lactam,1653
TEM-207,beta-lactam,1654
TEM-208,beta-lactam,1655
TEM-209,beta-lactam,1656
TEM-21,beta-lactam,1657
TEM-211,beta-lactam,1658
TEM-213,beta-lactam,1659
TEM-214,beta-lactam,1660
TEM-215,beta-lactam,1661
TEM-216,beta-lactam,1662
TEM-217,beta-lactam,1663
TEM-219,beta-lactam,1664
TEM-22,beta-lactam,1665
TEM-220,beta-lactam,1666
TEM-24,beta-lactam,1667
TEM-26,beta-lactam,1668
TEM-28,beta-lactam,1669
TEM-29,beta-lactam,1670
TEM-3,beta-lactam,1671
TEM-30,beta-lactam,1672
TEM-33,beta-lactam,1673
TEM-34,beta-lactam,1674
TEM-4,beta-lactam,1675
TEM-40,beta-lactam,1676
TEM-42,beta-lactam,1677
TEM-43,beta-lactam,1678
TEM-45,beta-lactam,1679
TEM-47,beta-lactam,1680
TEM-48,beta-lactam,1681
TEM-49,beta-lactam,1682
TEM-52,beta-lactam,1683
TEM-53,beta-lactam,1684
TEM-54,beta-lactam,1685
TEM-55,beta-lactam,1686
TEM-57,beta-lactam,1687
TEM-59,beta-lactam,1688
TEM-6,beta-lactam,1689
TEM-60,beta-lactam,1690
TEM-63,beta-lactam,1691
TEM-67,beta-lactam,1692
TEM-68,beta-lactam,1693
TEM-7,beta-lactam,1694
TEM-70,beta-lactam,1695
TEM-71,beta-lactam,1696
TEM-72,beta-lactam,1697
TEM-73,beta-lactam,1698
TEM-75,beta-lactam,1699
TEM-76,beta-lactam,1700
TEM-77,beta-lactam,1701
TEM-78,beta-lactam,1702
TEM-79,beta-lactam,1703
TEM-8,beta-lactam,1704
TEM-80,beta-lactam,1705
TEM-81,beta-lactam,1706
TEM-82,beta-lactam,1707
TEM-83,beta-lactam,1708
TEM-84,beta-lactam,1709
TEM-85,beta-lactam,1710
TEM-86,beta-lactam,1711
TEM-87,beta-lactam,1712
TEM-88,beta-lactam,1713
TEM-89,beta-lactam,1714
TEM-90,beta-lactam,1715
TEM-91,beta-lactam,1716
TEM-92,beta-lactam,1717
TEM-93,beta-lactam,1718
TEM-94,beta-lactam,1719
TEM-95,beta-lactam,1720
TEM-96,beta-lactam,1721
THIN-B beta-lactamase,beta-lactam,1722
THIN-B-beta-lactamase,beta-lactam,1723
TLA-1,beta-lactam,1724
TLA-2,beta-lactam,1725
TLA-3,beta-lactam,1726
TMB-1,beta-lactam,1727
TMB-2,beta-lactam,1728
TRU-1,beta-lactam,1729
TUS-1 beta-lactamase,beta-lactam,1730
VCC-1,beta-lactam,1731
VEB-1,beta-lactam,1732
VEB-1a,beta-lactam,1733
VEB-1b,beta-lactam,1734
VEB-2,beta-lactam,1735
VEB-3,beta-lactam,1736
VEB-4,beta-lactam,1737
VEB-5,beta-lactam,1738
VEB-6,beta-lactam,1739
VEB-7,beta-lactam,1740
VEB-8,beta-lactam,1741
VEB-9,beta-lactam,1742
Vibrio cholerae varG,beta-lactam,1743
VIBRIO_CHOLERAE_VARG,beta-lactam,1744
Vibrio-cholerae-varG,beta-lactam,1745
VIM-1,beta-lactam,1746
VIM-10,beta-lactam,1747
VIM-11,beta-lactam,1748
VIM-12,beta-lactam,1749
VIM-13,beta-lactam,1750
VIM-14,beta-lactam,1751
VIM-15,beta-lactam,1752
VIM-16,beta-lactam,1753
VIM-17,beta-lactam,1754
VIM-18,beta-lactam,1755
VIM-19,beta-lactam,1756
VIM-2,beta-lactam,1757
VIM-20,beta-lactam,1758
VIM-23,beta-lactam,1759
VIM-24,beta-lactam,1760
VIM-25,beta-lactam,1761
VIM-26,beta-lactam,1762
VIM-27,beta-lactam,1763
VIM-28,beta-lactam,1764
VIM-29,beta-lactam,1765
VIM-3,beta-lactam,1766
VIM-30,beta-lactam,1767
VIM-31,beta-lactam,1768
VIM-32,beta-lactam,1769
VIM-33,beta-lactam,1770
VIM-34,beta-lactam,1771
VIM-35,beta-lactam,1772
VIM-36,beta-lactam,1773
VIM-37,beta-lactam,1774
VIM-38,beta-lactam,1775
VIM-39,beta-lactam,1776
VIM-4,beta-lactam,1777
VIM-42,beta-lactam,1778
VIM-43,beta-lactam,1779
VIM-5,beta-lactam,1780
VIM-6,beta-lactam,1781
VIM-7,beta-lactam,1782
VIM-8,beta-lactam,1783
VIM-9,beta-lactam,1784
y56 beta-lactamase,beta-lactam,1785
Y56_BETA-LACTAMASE,beta-lactam,1786
y56-beta-lactamase,beta-lactam,1787
Clostridium difficile EF-Tu mutants conferring resistance to elfamycin,elfamycin,1788
Enterobacter-cloacae-acrA,elfamycin,1789
Enterococcus faecalis cls conferring resistance to daptomycin,elfamycin,1790
Enterococcus faecalis drmA with mutation conferring daptomycin resistance,elfamycin,1791
facT,elfamycin,1792
Streptomyces cinnamoneus EF-Tu mutants conferring resistance to elfamycin,elfamycin,1793
ACINETOBACTER_BAUMANNII_ABAF,fosfomycin,1794
Borrelia burgdorferi murA with mutation conferring resistance to fosfomycin,fosfomycin,1795
Chlamydia trachomatis intrinsic murA conferring resistance to fosfomycin,fosfomycin,1796
CHLAMYDIA_TRACHOMATIS_INTRINSIC_MURA_CONFERRING_RESISTANCE_TO_FOSFOMYCIN,fosfomycin,1797
Chlamydia-trachomatis-intrinsic-murA-conferring-resistance-to-fosfomycin,fosfomycin,1798
ENTEROBACTER_CLOACAE_ACRA,fosfomycin,1799
Enterococcus faecalis liaF mutant conferring daptomycin resistance,fosfomycin,1800
Enterococcus faecium liaR mutant conferring daptomycin resistance,fosfomycin,1801
Escherichia coli PtsI with mutation conferring resistance to fosfomycin,fosfomycin,1802
Escherichia coli UhpA with mutation conferring resistance to fosfomycin,fosfomycin,1803
Escherichia coli UhpT with mutation conferring resistance to fosfomycin,fosfomycin,1804
FomA,fosfomycin,1805
FomB,fosfomycin,1806
fosA,fosfomycin,1807
FosA2,fosfomycin,1808
FosA3,fosfomycin,1809
FosA4,fosfomycin,1810
FosA5,fosfomycin,1811
FosA6,fosfomycin,1812
FosA7,fosfomycin,1813
FosB,fosfomycin,1814
FOSB1,fosfomycin,1815
FosB3,fosfomycin,1816
FOSB6,fosfomycin,1817
FosC,fosfomycin,1818
FosC2,fosfomycin,1819
FOSD,fosfomycin,1820
FosK,fosfomycin,1821
FosX,fosfomycin,1822
MURA,fosfomycin,1823
Mycobacterium tuberculosis intrinsic murA conferring resistance to fosfomycin,fosfomycin,1824
Staphylococcus aureus GlpT with mutation conferring resistance to fosfomycin,fosfomycin,1825
Staphylococcus aureus murA with mutation conferring resistance to fosfomycin,fosfomycin,1826
Staphylococcus aureus UhpT with mutation conferring resistance to fosfomycin,fosfomycin,1827
STAPHYLOCOCCUS_AUREUS_FOSB,fosfomycin,1828
BRP(MBL),glycopeptide,1829
D-Ala-D-Ala ligase,glycopeptide,1830
vanA,glycopeptide,1831
vanB,glycopeptide,1832
vanC,glycopeptide,1833
vanD,glycopeptide,1834
vanE,glycopeptide,1835
vanF,glycopeptide,1836
vanG,glycopeptide,1837
vanHA,glycopeptide,1838
vanHB,glycopeptide,1839
vanHD,glycopeptide,1840
vanHF,glycopeptide,1841
vanHM,glycopeptide,1842
vanHO,glycopeptide,1843
vanI,glycopeptide,1844
vanJ,glycopeptide,1845
vanKI,glycopeptide,1846
vanL,glycopeptide,1847
vanM,glycopeptide,1848
vanN,glycopeptide,1849
vanO,glycopeptide,1850
vanRA,glycopeptide,1851
vanRB,glycopeptide,1852
vanRC,glycopeptide,1853
vanRD,glycopeptide,1854
vanRE,glycopeptide,1855
vanRF,glycopeptide,1856
vanRG,glycopeptide,1857
vanRI,glycopeptide,1858
vanRL,glycopeptide,1859
vanRM,glycopeptide,1860
vanRN,glycopeptide,1861
vanRO,glycopeptide,1862
vanS,glycopeptide,1863
vanSA,glycopeptide,1864
vanSB,glycopeptide,1865
vanSC,glycopeptide,1866
vanSD,glycopeptide,1867
vanSE,glycopeptide,1868
vanSF,glycopeptide,1869
vanSG,glycopeptide,1870
vanSI,glycopeptide,1871
vanSL,glycopeptide,1872
vanSM,glycopeptide,1873
vanSN,glycopeptide,1874
vanSO,glycopeptide,1875
vanTC,glycopeptide,1876
vanTE,glycopeptide,1877
vanTG,glycopeptide,1878
vanTmL,glycopeptide,1879
vanTN,glycopeptide,1880
vanTrL,glycopeptide,1881
vanUG,glycopeptide,1882
vanVB,glycopeptide,1883
vanWB,glycopeptide,1884
vanWG,glycopeptide,1885
vanWI,glycopeptide,1886
vanXA,glycopeptide,1887
vanXB,glycopeptide,1888
vanXD,glycopeptide,1889
vanXF,glycopeptide,1890
vanXI,glycopeptide,1891
vanXM,glycopeptide,1892
vanXO,glycopeptide,1893
vanXYC,glycopeptide,1894
vanXYE,glycopeptide,1895
vanXYG,glycopeptide,1896
vanXYL,glycopeptide,1897
vanXYN,glycopeptide,1898
vanYA,glycopeptide,1899
vanYB,glycopeptide,1900
vanYD,glycopeptide,1901
vanYF,glycopeptide,1902
vanYG1,glycopeptide,1903
vanYM,glycopeptide,1904
vanZA,glycopeptide,1905
vanZF,glycopeptide,1906
Bacillus Cluster A intrinsic mph,mls,1907
Bacillus Cluster B intrinsic mph,mls,1908
Bacillus-Cluster-A-intrinsic-mph,mls,1909
carA,mls,1910
chrB,mls,1911
EMTA,mls,1912
EreA,mls,1913
EreA2,mls,1914
EreB,mls,1915
ERED,mls,1916
Erm(30),mls,1917
Erm(31),mls,1918
Erm(33),mls,1919
Erm(34),mls,1920
Erm(35),mls,1921
Erm(36),mls,1922
Erm(37),mls,1923
Erm(38),mls,1924
Erm(39),mls,1925
ERM(40),mls,1926
Erm(41),mls,1927
Erm(42),mls,1928
Erm(43),mls,1929
erm(44),mls,1930
ERM(45),mls,1931
ERM(46),mls,1932
Erm(47),mls,1933
ERM(49),mls,1934
ERM(K),mls,1935
ERM(O)-LRM,mls,1936
ErmA,mls,1937
ErmB,mls,1938
ErmC,mls,1939
ErmD,mls,1940
ErmE,mls,1941
ErmF,mls,1942
ErmG,mls,1943
ErmH,mls,1944
ErmN,mls,1945
ErmO,mls,1946
ERMO-SRMA,mls,1947
ErmQ,mls,1948
ErmR,mls,1949
ErmS,mls,1950
ErmT,mls,1951
ErmU,mls,1952
ErmV,mls,1953
ErmW,mls,1954
ErmX,mls,1955
ErmY,mls,1956
gimA,mls,1957
linG,mls,1958
LLMA_23S_RIBOSOMAL_RNA_METHYLTRANSFERASE,mls,1959
LlmA-23S-ribosomal-RNA-methyltransferase,mls,1960
lmrA,mls,1961
lmrB,mls,1962
lmrC,mls,1963
lmrD,mls,1964
lmrP,mls,1965
lnuA,mls,1966
lnuB,mls,1967
lnuC,mls,1968
lnuD,mls,1969
lnuE,mls,1970
lnuF,mls,1971
lnuG,mls,1972
LNUP,mls,1973
LpeA,mls,1974
LpeB,mls,1975
macA,mls,1976
macB,mls,1977
MEF(B),mls,1978
MEF(EN2),mls,1979
mefA,mls,1980
mefB,mls,1981
mefC,mls,1982
mefE,mls,1983
mel,mls,1984
mgtA,mls,1985
mphA,mls,1986
mphB,mls,1987
mphC,mls,1988
mphD,mls,1989
mphE,mls,1990
MPHF,mls,1991
mphG,mls,1992
MPHH,mls,1993
mphI,mls,1994
MPHJ,mls,1995
MPHK,mls,1996
MPHL,mls,1997
MPHM,mls,1998
MPHN,mls,1999
MPHO,mls,2000
Mrx,mls,2001
msrA,mls,2002
msrB,mls,2003
msrC,mls,2004
msrE,mls,2005
myrA,mls,2006
oleB,mls,2007
oleC,mls,2008
oleD,mls,2009
oleI,mls,2010
OMPF,mls,2011
RlmA(II),mls,2012
srmB,mls,2013
tlrB conferring tylosin resistance,mls,2014
tlrB-conferring-tylosin-resistance,mls,2015
tlrC,mls,2016
vatA,mls,2017
vatB,mls,2018
vatC,mls,2019
vatD,mls,2020
vatE,mls,2021
vatF,mls,2022
vatH,mls,2023
VatI,mls,2024
VgbA,mls,2025
VgbB,mls,2026
VgbC,mls,2027
LlmA 23S ribosomal RNA methyltransferase,mls ,2028
AAC(6')-Ib-cr,multidrug,2029
abcA,multidrug,2030
abeM,multidrug,2031
abeS,multidrug,2032
ACINETOBACTER_BAUMANNII_AMVA,multidrug,2033
acra,multidrug,2034
acrB,multidrug,2035
acrE,multidrug,2036
acrF,multidrug,2037
acrS,multidrug,2038
adeF,multidrug,2039
adeG,multidrug,2040
adeH,multidrug,2041
adeI,multidrug,2042
adeJ,multidrug,2043
adeK,multidrug,2044
adeL,multidrug,2045
adeN,multidrug,2046
ArmR,multidrug,2047
AxyX,multidrug,2048
AxyY,multidrug,2049
AxyZ,multidrug,2050
baeR,multidrug,2051
baeS,multidrug,2052
bmr,multidrug,2053
ceoA,multidrug,2054
ceoB,multidrug,2055
cfrA,multidrug,2056
cfrC,multidrug,2057
CIA-1,multidrug,2058
CIA-2,multidrug,2059
CIA-3,multidrug,2060
CIA-4,multidrug,2061
cipA,multidrug,2062
clbA,multidrug,2063
clbB,multidrug,2064
clbC,multidrug,2065
CLCD,multidrug,2066
cmeA,multidrug,2067
cmeB,multidrug,2068
cmeC,multidrug,2069
cmeR,multidrug,2070
CORYNEBACTERIUM_STRIATUM_TETA,multidrug,2071
cpxA,multidrug,2072
CPXR,multidrug,2073
CRP,multidrug,2074
eatAv,multidrug,2075
efmA,multidrug,2076
efpA,multidrug,2077
efrA,multidrug,2078
efrB,multidrug,2079
emeA,multidrug,2080
emrA,multidrug,2081
emrB,multidrug,2082
emrD,multidrug,2083
EMRE,multidrug,2084
emrK,multidrug,2085
emrR,multidrug,2086
emrY,multidrug,2087
Enterobacter aerogenes acrR with mutation conferring multidrug antibiotic resistance,multidrug,2088
Enterobacter aerogenes omp36 with mutation,multidrug,2089
Enterobacter cloacae acrA,multidrug,2090
Enterobacter cloacae rob,multidrug,2091
ENTEROBACTER_CLOACAE_ACRA,multidrug,2092
Enterobacter-cloacae-acrA,multidrug,2093
Enterococcus faecalis gdpD with mutation conferring daptomycin resistance,multidrug,2094
Enterococcus faecalis YybT with mutation conferring daptomycin resistance,multidrug,2095
Enterococcus faecium cls conferring resistance to daptomycin,multidrug,2096
Enterococcus faecium EF-Tu mutants conferring resistance to GE2270A,multidrug,2097
Enterococcus faecium liaF mutant conferring daptomycin resistance,multidrug,2098
Escherichia coli rob,multidrug,2099
Escherichia coli soxR with mutation conferring antibiotic resistance,multidrug,2100
Escherichia coli soxS with mutation conferring antibiotic resistance,multidrug,2101
ESCHERICHIA_COLI_ACRA,multidrug,2102
ESCHERICHIA_COLI_EMRE,multidrug,2103
ESCHERICHIA_COLI_MDFA,multidrug,2104
Escherichia-coli-acrA,multidrug,2105
Escherichia-coli-emrE,multidrug,2106
Escherichia-coli-LamB,multidrug,2107
Escherichia-coli-mdfA,multidrug,2108
Escherichia-coli-MipA,multidrug,2109
evgA,multidrug,2110
evgS,multidrug,2111
gadW,multidrug,2112
gadX,multidrug,2113
golS,multidrug,2114
H-NS,multidrug,2115
hmrM,multidrug,2116
hp1181,multidrug,2117
hp1184,multidrug,2118
Klebsiella mutant PhoP conferring antibiotic resistance to colistin,multidrug,2119
Klebsiella pneumoniae acrA,multidrug,2120
Klebsiella pneumoniae acrR with mutation conferring multidrug antibiotic resistance,multidrug,2121
Klebsiella pneumoniae ramR mutants,multidrug,2122
KLEBSIELLA_PNEUMONIAE_ACRA,multidrug,2123
KLEBSIELLA_PNEUMONIAE_KPNE,multidrug,2124
KLEBSIELLA_PNEUMONIAE_KPNF,multidrug,2125
KLEBSIELLA_PNEUMONIAE_KPNG,multidrug,2126
KLEBSIELLA_PNEUMONIAE_KPNH,multidrug,2127
Klebsiella-pneumoniae-acrA,multidrug,2128
LAP-1,multidrug,2129
LAP-2,multidrug,2130
lsaA,multidrug,2131
lsaB,multidrug,2132
lsaC,multidrug,2133
lsaE,multidrug,2134
marA,multidrug,2135
mdsA,multidrug,2136
mdsB,multidrug,2137
mdsC,multidrug,2138
mdtA,multidrug,2139
mdtB,multidrug,2140
mdtC,multidrug,2141
mdtE,multidrug,2142
mdtF,multidrug,2143
mdtG,multidrug,2144
mdtH,multidrug,2145
mdtK,multidrug,2146
MDTL,multidrug,2147
mdtM,multidrug,2148
mdtN,multidrug,2149
mdtO,multidrug,2150
mdtP,multidrug,2151
mepA,multidrug,2152
mepR,multidrug,2153
MexA,multidrug,2154
MexB,multidrug,2155
MexC,multidrug,2156
MexD,multidrug,2157
MexE,multidrug,2158
MexF,multidrug,2159
mexG,multidrug,2160
mexH,multidrug,2161
mexI,multidrug,2162
mexJ,multidrug,2163
mexK,multidrug,2164
mexL,multidrug,2165
mexM,multidrug,2166
mexN,multidrug,2167
mexP,multidrug,2168
mexQ,multidrug,2169
mexR,multidrug,2170
MexS,multidrug,2171
MexT,multidrug,2172
mexV,multidrug,2173
mexW,multidrug,2174
mexX,multidrug,2175
mexY,multidrug,2176
mexZ,multidrug,2177
mgrA,multidrug,2178
mgrB,multidrug,2179
Morganella morganii gyrB conferring resistance to fluoroquinolone,multidrug,2180
msbA,multidrug,2181
mtrA,multidrug,2182
mtrC,multidrug,2183
mtrD,multidrug,2184
mtrE,multidrug,2185
mtrR,multidrug,2186
MuxA,multidrug,2187
MuxB,multidrug,2188
MuxC,multidrug,2189
MvaT,multidrug,2190
Mycobacterium leprae rpoB mutations conferring resistance to rifampicin,multidrug,2191
Mycobacterium tuberculosis gyrA conferring resistance to fluoroquinolones,multidrug,2192
Mycobacterium tuberculosis gyrB mutant conferring resistance to fluoroquinolone,multidrug,2193
Mycobacterium tuberculosis kasA mutant conferring resistance to isoniazid,multidrug,2194
Mycobacterium tuberculosis rpoB mutants conferring resistance to rifampicin,multidrug,2195
nalC,multidrug,2196
nalD,multidrug,2197
Neisseria gonorrhoeae gyrA conferring resistance to fluoroquinolones,multidrug,2198
Neisseria gonorrhoeae mutant porin PIB (por) with reduced permeability to antibiotic,multidrug,2199
Nocardia rifampin resistant beta-subunit of RNA polymerase (rpoB2),multidrug,2200
Nocardia-rifampin-resistant-beta-subunit-of-RNA-polymerase-(rpoB2),multidrug,2201
norA,multidrug,2202
norB,multidrug,2203
opcM,multidrug,2204
OpmB,multidrug,2205
opmD,multidrug,2206
opmE,multidrug,2207
oprA,multidrug,2208
OprJ,multidrug,2209
OprM,multidrug,2210
OprN,multidrug,2211
OprZ,multidrug,2212
oqxA,multidrug,2213
oqxB,multidrug,2214
otrC,multidrug,2215
PmpM,multidrug,2216
porin OmpC,multidrug,2217
POXTA,multidrug,2218
Pseudomonas aeruginosa CpxR,multidrug,2219
PSEUDOMONAS_AERUGINOSA_CPXR,multidrug,2220
Pseudomonas-aeruginosa-CpxR,multidrug,2221
Pseudomonas-aeruginosa-emrE,multidrug,2222
Pseudomonas-aeruginosa-soxR,multidrug,2223
ramA,multidrug,2224
ROBA,multidrug,2225
salA,multidrug,2226
Salmonella enterica ramR mutants,multidrug,2227
Salmonella enterica soxR with mutation conferring antibiotic resistance,multidrug,2228
Salmonella serovars soxS with mutation conferring antibiotic resistance,multidrug,2229
sav1866,multidrug,2230
sdiA,multidrug,2231
Serratia marcescens Omp1,multidrug,2232
Serratia-marcescens-Omp1,multidrug,2233
smeA,multidrug,2234
smeB,multidrug,2235
smeC,multidrug,2236
smeD,multidrug,2237
smeE,multidrug,2238
smeF,multidrug,2239
smeR,multidrug,2240
smeS,multidrug,2241
STAPHYLOCOCCYS_AUREUS_LMRS,multidrug,2242
tolC,multidrug,2243
TVA(A),multidrug,2244
Type A NfxB,multidrug,2245
Type B NfxB,multidrug,2246
VGA(E)_STAPHYLOCOCCUS_COHNII,multidrug,2247
vgaA,multidrug,2248
vgaALC,multidrug,2249
vgaB,multidrug,2250
vgaC,multidrug,2251
vgaD,multidrug,2252
vgaE,multidrug,2253
VMLR,multidrug,2254
ykkC,multidrug,2255
ykkD,multidrug,2256
antibiotic resistant fabG,other,2257
antibiotic resistant fabI,other,2258
Bifidobacteria intrinsic ileS conferring resistance to mupirocin,other,2259
Bifidobacteria-intrinsic-ileS-conferring-resistance-to-mupirocin,other,2260
BIFIDOBACTERIUM_ILES_CONFERRING_RESISTANCE_TO_MUPIROCIN,other,2261
determinant of bleomycin resistance,other,2262
determinant-of-bleomycin-resistance,other,2263
Enterococcus faecalis liaS mutant conferring daptomycin resistance,other,2264
Enterococcus faecium liaS mutant conferring daptomycin resistance,other,2265
Escherichia coli nfsB mutations conferring resistance to nitrofurantoin,other,2266
farA,other,2267
farB,other,2268
fusB,other,2269
fusC,other,2270
fusD,other,2271
FUSF,other,2272
fusH,other,2273
LEUO,other,2274
mupA,other,2275
mupB,other,2276
Mycobacterium bovis embB mutations conferring resistance to ethambutol,other,2277
Mycobacterium bovis mutant ndh conferring resistance to isoniazid,other,2278
Mycobacterium smegmatis mutant ndh conferring resistance to isoniazid,other,2279
Mycobacterium tuberculosis embA mutant conferring resistance to ethambutol,other,2280
Mycobacterium tuberculosis embB mutations conferring resistance to ethambutol,other,2281
Mycobacterium tuberculosis embR mutant conferring resistance to ethambutol,other,2282
Mycobacterium tuberculosis ethA with mutation conferring resistance to ethionamide,other,2283
Mycobacterium tuberculosis folC with mutation conferring resistance to para-aminosalicylic acid,other,2284
Mycobacterium tuberculosis inhA mutations conferring resistance to isoniazid,other,2285
Mycobacterium tuberculosis iniA mutant conferring resistance to Ethambutol,other,2286
Mycobacterium tuberculosis iniB with mutation conferring resistance to ethambutol,other,2287
Mycobacterium tuberculosis iniC mutant conferring resistance to ethambutol,other,2288
Mycobacterium tuberculosis katG mutations conferring resistance to isoniazid,other,2289
Mycobacterium tuberculosis mutant embC conferring resistance to ethambutol,other,2290
Mycobacterium tuberculosis ndh mutant conferring resistance to isoniazid,other,2291
Mycobacterium tuberculosis pncA mutations conferring resistance to pyrazinamide,other,2292
Mycobacterium tuberculosis ribD with mutation conferring resistance to para-aminosalicylic acid,other,2293
Mycobacterium tuberculosis thyA with mutation conferring resistance to para-aminosalicylic acid,other,2294
OpmH,other,2295
optrA,other,2296
Planobispora rosea EF-Tu mutants conferring resistance to inhibitor GE2270A,other,2297
Pseudomonas aeruginosa ompF with mutation,other,2298
Salmonella enterica gyrA with mutation conferring resistance to triclosan,other,2299
SAT-1,other,2300
SAT-2,other,2301
SAT-3,other,2302
SAT-4,other,2303
Staphylococcus mutant fusA gene conferring resistance to fusidic acid,other,2304
Staphylococcus mutant fusE gene conferring resistance to fusidic acid,other,2305
TaeA,other,2306
tcmA,other,2307
tmrB,other,2308
TriA,other,2309
TriB,other,2310
TriC,other,2311
Vibrio cholerae OmpT,other,2312
Vibrio cholerae OmpU,other,2313
ALMG,peptide,2314
arnA,peptide,2315
bacA,peptide,2316
Bacillus subtilis mprF,peptide,2317
Bacillus subtilis pgsA mutations conferring resistance to daptomycin,peptide,2318
BACILLUS_SUBTILIS_MPRF,peptide,2319
BahA,peptide,2320
basR,peptide,2321
basS,peptide,2322
BCR,peptide,2323
bcr-1,peptide,2324
bcrA,peptide,2325
bcrB,peptide,2326
bcrC,peptide,2327
Brucella suis mprF,peptide,2328
BRUCELLA_SUIS_MPRF,peptide,2329
Brucella-suis-mprF,peptide,2330
Clostridium perfringens mprF,peptide,2331
CLOSTRIDIUM_PERFRINGENS_MPRF,peptide,2332
EdeQ,peptide,2333
Enterococcus faecalis cls conferring resistance to daptomycin,peptide,2334
Enterococcus faecalis drmA with mutation conferring daptomycin resistance,peptide,2335
Enterococcus faecalis gdpD with mutation conferring daptomycin resistance,peptide,2336
Enterococcus faecalis gshF with mutation conferring daptomycin resistance,peptide,2337
Enterococcus faecalis liaF mutant conferring daptomycin resistance,peptide,2338
Enterococcus faecalis liaR mutant conferring daptomycin resistance,peptide,2339
Enterococcus faecalis liaS mutant conferring daptomycin resistance,peptide,2340
Enterococcus faecalis YvlB with mutation conferring daptomycin resistance,peptide,2341
Enterococcus faecalis YybT with mutation conferring daptomycin resistance,peptide,2342
Enterococcus faecium cls conferring resistance to daptomycin,peptide,2343
Enterococcus faecium EF-Tu mutants conferring resistance to GE2270A,peptide,2344
Enterococcus faecium liaF mutant conferring daptomycin resistance,peptide,2345
Enterococcus faecium liaR mutant conferring daptomycin resistance,peptide,2346
Enterococcus faecium liaS mutant conferring daptomycin resistance,peptide,2347
EPTA,peptide,2348
ICR-MC,peptide,2349
ICR-MO,peptide,2350
Listeria monocytogenes mprF,peptide,2351
LISTERIA_MONOCYTOGENES_MPRF,peptide,2352
Listeria-monocytogenes-mprF,peptide,2353
LpxC,peptide,2354
LpxD,peptide,2355
MCR-1,peptide,2356
MCR-1.1,peptide,2357
MCR-1.10,peptide,2358
MCR-1.2,peptide,2359
MCR-1.5,peptide,2360
MCR-2,peptide,2361
MCR-2.1,peptide,2362
MCR-3,peptide,2363
MCR-3.1,peptide,2364
MCR-3.10,peptide,2365
MCR-3.12,peptide,2366
MCR-3.3,peptide,2367
MCR-3.4,peptide,2368
MCR-3.5,peptide,2369
MCR-3.6,peptide,2370
MCR-3.7,peptide,2371
MCR-3.9,peptide,2372
MCR-4,peptide,2373
MCR-4.2,peptide,2374
MCR-4.3,peptide,2375
MCR-5,peptide,2376
MCR-5.1,peptide,2377
MCR-5.2,peptide,2378
MCR-6.1,peptide,2379
MCR-7.1,peptide,2380
MCR-8.1,peptide,2381
MCR-9.1,peptide,2382
pgpB,peptide,2383
PmrC,peptide,2384
pmrE,peptide,2385
pmrF,peptide,2386
Pseudomonas mutant PhoP conferring resistance to colistin,peptide,2387
Pseudomonas mutant PhoQ conferring resistance to colistin,peptide,2388
rosA,peptide,2389
rosB,peptide,2390
Staphylococcus aureus agrA with mutation conferring daptomycin resistance,peptide,2391
Staphylococcus aureus cls conferring resistance to daptomycin,peptide,2392
Staphylococcus aureus menA with mutation conferring resistance to lysocin,peptide,2393
Staphylococcus aureus mprF,peptide,2394
Staphylococcus aureus mprF mutations conferring resistance to daptomycin,peptide,2395
Staphylococcus aureus pgsA mutations conferring resistance to daptomycin,peptide,2396
Staphylococcus aureus rpoB mutants conferring resistance to daptomycin,peptide,2397
Staphylococcus aureus rpoC conferring resistance to daptomycin,peptide,2398
Staphylococcus aureus walK with mutation conferring daptomycin resistance,peptide,2399
Streptococcus agalactiae mprF,peptide,2400
Streptococcus mitis CdsA with mutation conferring daptomycin resistance,peptide,2401
STREPTOCOCCUS_AGALACTIAE_MPRF,peptide,2402
Streptococcus-agalactiae-mprF,peptide,2403
tsnR,peptide,2404
UGD,peptide,2405
Vibrio-cholerae-OmpT,peptide,2406
Vibrio-cholerae-OmpU,peptide,2407
viomycin phosphotransferase,peptide,2408
VPH,peptide,2409
yojI,peptide,2410
LpxA,peptide ,2411
AGROBACTERIUM_FABRUM_CHLORAMPHENICOL_ACETYLTRANSFERASE,phenicol,2412
BACILLUS_CLAUSII_CHLORAMPHENICOL_ACETYLTRANSFERASE,phenicol,2413
BACILLUS_PUMILUS_CAT86,phenicol,2414
CAMPYLOBACTER_COLI_CHLORAMPHENICOL_ACETYLTRANSFERASE,phenicol,2415
cat,phenicol,2416
cat-TC,phenicol,2417
cat86,phenicol,2418
CATA4,phenicol,2419
CATA8,phenicol,2420
catB,phenicol,2421
catB10,phenicol,2422
CATB11,phenicol,2423
catB2,phenicol,2424
catB3,phenicol,2425
catB6,phenicol,2426
catB7,phenicol,2427
catB8,phenicol,2428
catB9,phenicol,2429
catD,phenicol,2430
catI,phenicol,2431
catII,phenicol,2432
CATII_FROM_ESCHERICHIA_COLI_K-12,phenicol,2433
catIII,phenicol,2434
catP,phenicol,2435
catQ,phenicol,2436
catS,phenicol,2437
CatU,phenicol,2438
catV,phenicol,2439
CLOSTRIDIUM_BUTYRICUM_CATB,phenicol,2440
cml,phenicol,2441
cmlA1,phenicol,2442
cmlA4,phenicol,2443
cmlA5,phenicol,2444
cmlA6,phenicol,2445
CMLA8,phenicol,2446
cmlB,phenicol,2447
cmlB1,phenicol,2448
cmlv,phenicol,2449
cmrA,phenicol,2450
cmx,phenicol,2451
fexA,phenicol,2452
floR,phenicol,2453
LACTOBACILLUS_REUTERI_CAT-TC,phenicol,2454
plasmid-encoded cat (pp-cat),phenicol,2455
plasmid-encoded-cat-(pp-cat),phenicol,2456
pp-flo,phenicol,2457
PSEUDOMONAS_AERUGINOSA_CATB6,phenicol,2458
PSEUDOMONAS_AERUGINOSA_CATB7,phenicol,2459
Rhodococcus fascians cmr,phenicol,2460
RHODOCOCCUS_FASCIANS_CMR,phenicol,2461
Rhodococcus-fascians-cmr,phenicol,2462
Salmonella enterica cmlA,phenicol,2463
STREPTOCOCCUS_SUIS_CHLORAMPHENICOL_ACETYLTRANSFERASE,phenicol,2464
STREPTOMYCES_LIVIDANS_CMLR,phenicol,2465
VIBRIO_ANGUILLARUM_CHLORAMPHENICOL_ACETYLTRANSFERASE,phenicol,2466
Acinetobacter baumannii gyrA conferring resistance to fluoroquinolones,quinolone,2467
Acinetobacter baumannii parC conferring resistance to fluoroquinolone,quinolone,2468
ACINETOBACTER_BAUMANNII_ABAQ,quinolone,2469
arlR,quinolone,2470
arlS,quinolone,2471
Bartonella bacilliformis gyrA conferring resistance to fluoroquinolones,quinolone,2472
blt,quinolone,2473
Campylobacter jejuni gyrA conferring resistance to fluoroquinolones,quinolone,2474
Capnocytophaga gingivalis gyrA conferring resistance to fluoroquinolones,quinolone,2475
cdeA,quinolone,2476
Clostridium difficile gyrA conferring resistance to fluoroquinolones,quinolone,2477
Enterococcus faecalis liaR mutant conferring daptomycin resistance,quinolone,2478
Escherichia coli parC conferring resistance to fluoroquinolone,quinolone,2479
Escherichia coli parE conferring resistance to fluoroquinolones,quinolone,2480
Haemophilus parainfluenzae gyrA conferring resistance to fluoroquinolones,quinolone,2481
Haemophilus parainfluenzae parC conferring resistance to fluoroquinolones,quinolone,2482
LFRA,quinolone,2483
lrfA,quinolone,2484
mfd,quinolone,2485
mfpA,quinolone,2486
Mycobacterium leprae gyrB conferring resistance to fluoroquinolone,quinolone,2487
Mycobaterium leprae gyrA conferring resistance to fluoroquinolones,quinolone,2488
Mycoplasma hominis parC conferring resistance to fluoroquinolone,quinolone,2489
Neisseria gonorrhoeae parC conferring resistance to fluoroquinolone,quinolone,2490
patA,quinolone,2491
patB,quinolone,2492
pmrA,quinolone,2493
Propionibacterium acnes gyrA conferring resistance to fluoroquinolones,quinolone,2494
Pseudomonas aeruginosa gyrA and parC conferring resistance to fluoroquinolone,quinolone,2495
Pseudomonas aeruginosa gyrA conferring resistance to fluoroquinolones,quinolone,2496
Pseudomonas aeruginosa parE conferring resistance to fluoroquinolones,quinolone,2497
Pseudomonas aeruginosa soxR,quinolone,2498
PSEUDOMONAS_AERUGINOSA_SOXR,quinolone,2499
qacA,quinolone,2500
qacB,quinolone,2501
qacH,quinolone,2502
qepA,quinolone,2503
QEPA1,quinolone,2504
QepA2,quinolone,2505
QepA3,quinolone,2506
QepA4,quinolone,2507
QnrA1,quinolone,2508
QnrA2,quinolone,2509
QnrA3,quinolone,2510
QnrA4,quinolone,2511
QnrA5,quinolone,2512
QnrA6,quinolone,2513
QnrA7,quinolone,2514
QnrB1,quinolone,2515
QnrB10,quinolone,2516
QnrB11,quinolone,2517
QnrB12,quinolone,2518
QnrB13,quinolone,2519
QnrB14,quinolone,2520
QnrB15,quinolone,2521
QnrB16,quinolone,2522
QnrB17,quinolone,2523
QnrB18,quinolone,2524
QnrB19,quinolone,2525
QnrB2,quinolone,2526
QnrB20,quinolone,2527
QnrB21,quinolone,2528
QnrB22,quinolone,2529
QnrB23,quinolone,2530
QnrB24,quinolone,2531
QnrB25,quinolone,2532
QnrB26,quinolone,2533
QnrB27,quinolone,2534
QnrB28,quinolone,2535
QnrB29,quinolone,2536
QnrB3,quinolone,2537
QnrB30,quinolone,2538
QnrB31,quinolone,2539
QnrB32,quinolone,2540
QnrB33,quinolone,2541
QnrB34,quinolone,2542
QnrB35,quinolone,2543
QnrB36,quinolone,2544
QnrB37,quinolone,2545
QnrB38,quinolone,2546
QnrB4,quinolone,2547
QnrB40,quinolone,2548
QnrB41,quinolone,2549
QnrB42,quinolone,2550
QnrB43,quinolone,2551
QnrB44,quinolone,2552
QnrB45,quinolone,2553
QnrB46,quinolone,2554
QnrB47,quinolone,2555
QnrB48,quinolone,2556
QnrB49,quinolone,2557
QnrB5,quinolone,2558
QnrB50,quinolone,2559
QnrB54,quinolone,2560
QnrB55,quinolone,2561
QnrB56,quinolone,2562
QnrB57,quinolone,2563
QnrB58,quinolone,2564
QnrB59,quinolone,2565
QnrB6,quinolone,2566
QnrB60,quinolone,2567
QnrB61,quinolone,2568
QnrB62,quinolone,2569
QnrB64,quinolone,2570
QnrB65,quinolone,2571
QnrB66,quinolone,2572
QnrB67,quinolone,2573
QnrB68,quinolone,2574
QnrB69,quinolone,2575
QnrB7,quinolone,2576
QnrB70,quinolone,2577
QnrB71,quinolone,2578
QnrB72,quinolone,2579
QnrB73,quinolone,2580
QnrB74,quinolone,2581
QnrB8,quinolone,2582
QnrB9,quinolone,2583
QnrC,quinolone,2584
QnrD1,quinolone,2585
QnrD2,quinolone,2586
QNRE1,quinolone,2587
QNRE2,quinolone,2588
QnrS1,quinolone,2589
QNRS11,quinolone,2590
QnrS2,quinolone,2591
QnrS3,quinolone,2592
QnrS4,quinolone,2593
QnrS5,quinolone,2594
QnrS6,quinolone,2595
QnrS7,quinolone,2596
QnrS8,quinolone,2597
QnrS9,quinolone,2598
QnrVC1,quinolone,2599
QnrVC3,quinolone,2600
QnrVC4,quinolone,2601
QnrVC5,quinolone,2602
QnrVC6,quinolone,2603
QnrVC7,quinolone,2604
Salmonella enterica gyrA conferring resistance to fluoroquinolones,quinolone,2605
Salmonella enterica parC conferring resistance to fluoroquinolones,quinolone,2606
Salmonella serovars gyrB conferring resistance to fluoroquinolone,quinolone,2607
Salmonella serovars parE conferring resistance to fluoroquinolones,quinolone,2608
Shigella flexneri gyrA conferring resistance to fluoroquinolones,quinolone,2609
Shigella flexneri parC conferring resistance to fluoroquinolones,quinolone,2610
Staphylococcus aureus gyrA conferring resistance to fluoroquinolones,quinolone,2611
Staphylococcus aureus parC conferring resistance to fluoroquinolone,quinolone,2612
Staphylococcus aureus parE conferring resistance to fluoroquinolones,quinolone,2613
STAPHYLOCOCCUS_AUREUS_NORA,quinolone,2614
Streptococcus pneumoniae parC conferring resistance to fluoroquinolone,quinolone,2615
Ureaplasma urealyticum gyrB conferring resistance to fluoroquinolone,quinolone,2616
Ureaplasma urealyticum parC conferring resistance to fluoroquinolone,quinolone,2617
Staphylococcus aureus rpoB mutants conferring resistance to rifampicin,rifampin,2618
arr-1,rifamycin,2619
arr-2,rifamycin,2620
arr-3,rifamycin,2621
arr-4,rifamycin,2622
arr-5,rifamycin,2623
arr-7,rifamycin,2624
arr-8,rifamycin,2625
BIFIDOBACTERIUM_ADOLESCENTIS_RPOB_MUTANTS_CONFERRING_RESISTANCE_TO_RIFAMPICIN,rifamycin,2626
DnaA,rifamycin,2627
Escherichia coli rpoB mutants conferring resistance to rifampicin,rifamycin,2628
iri,rifamycin,2629
Mycobacterium tuberculosis embB mutants conferring resistance to rifampicin,rifamycin,2630
RbpA,rifamycin,2631
rgt1438,rifamycin,2632
rphA,rifamycin,2633
rphB,rifamycin,2634
RPOB2,rifamycin,2635
Enterococcus faecalis gshF with mutation conferring daptomycin resistance,sulfonamide,2636
Mycobacterium leprae folP with mutation conferring resistance to dapsone,sulfonamide,2637
Streptococcus pyogenes folP with mutation conferring resistance to sulfonamides,sulfonamide,2638
sul1,sulfonamide,2639
sul2,sulfonamide,2640
sul3,sulfonamide,2641
sul4,sulfonamide,2642
adeA,tetracycline,2643
adeB,tetracycline,2644
adeC,tetracycline,2645
adeR,tetracycline,2646
adeS,tetracycline,2647
otr(A),tetracycline,2648
otr(B),tetracycline,2649
tap,tetracycline,2650
tcr3,tetracycline,2651
tet(30),tetracycline,2652
tet(31),tetracycline,2653
tet(33),tetracycline,2654
tet(35),tetracycline,2655
tet(38),tetracycline,2656
tet(39),tetracycline,2657
tet(40),tetracycline,2658
tet(41),tetracycline,2659
tet(42),tetracycline,2660
tet(43),tetracycline,2661
TET(44),tetracycline,2662
tet(45),tetracycline,2663
TET(47),tetracycline,2664
TET(48),tetracycline,2665
TET(49),tetracycline,2666
TET(50),tetracycline,2667
TET(51),tetracycline,2668
TET(52),tetracycline,2669
TET(53),tetracycline,2670
TET(54),tetracycline,2671
TET(55),tetracycline,2672
TET(56),tetracycline,2673
tet(59),tetracycline,2674
tet(A),tetracycline,2675
tet(B),tetracycline,2676
tet(C),tetracycline,2677
tet(D),tetracycline,2678
tet(E),tetracycline,2679
tet(G),tetracycline,2680
tet(H),tetracycline,2681
tet(J),tetracycline,2682
tet(K),tetracycline,2683
tet(L),tetracycline,2684
tet(V),tetracycline,2685
tet(W/N/W),tetracycline,2686
TET(X3),tetracycline,2687
TET(X4),tetracycline,2688
tet(Y),tetracycline,2689
tet(Z),tetracycline,2690
tet32,tetracycline,2691
tet34,tetracycline,2692
tet36,tetracycline,2693
tet37,tetracycline,2694
tet44,tetracycline,2695
tetA(46),tetracycline,2696
tetA(48),tetracycline,2697
TETA(58),tetracycline,2698
tetA(60),tetracycline,2699
tetA(P),tetracycline,2700
tetB(46),tetracycline,2701
tetB(48),tetracycline,2702
TETB(58),tetracycline,2703
tetB(60),tetracycline,2704
tetB(P),tetracycline,2705
tetM,tetracycline,2706
tetO,tetracycline,2707
tetQ,tetracycline,2708
tetR,tetracycline,2709
tetS,tetracycline,2710
tetT,tetracycline,2711
TETU,tetracycline,2712
tetW,tetracycline,2713
tetX,tetracycline,2714
THIN-B,tetracycline,2715
TET31,tetracycline,2716
TET40,tetracycline,2717
TET43,tetracycline,2718
TETB,tetracycline,2719
TETC,tetracycline,2720
RPSD_(RAMA_OR_SUD2),tetracycline ,2721
rpsJ,tetracycline ,2722
dfrA1,trimethoprim,2723
dfrA10,trimethoprim,2724
dfrA12,trimethoprim,2725
dfrA13,trimethoprim,2726
dfrA14,trimethoprim,2727
dfrA15,trimethoprim,2728
DFRA15B,trimethoprim,2729
dfrA16,trimethoprim,2730
dfrA17,trimethoprim,2731
dfrA19,trimethoprim,2732
dfrA20,trimethoprim,2733
dfrA21,trimethoprim,2734
dfrA22,trimethoprim,2735
dfrA23,trimethoprim,2736
dfrA24,trimethoprim,2737
dfrA25,trimethoprim,2738
dfrA26,trimethoprim,2739
DFRA27,trimethoprim,2740
DFRA28,trimethoprim,2741
dfrA2d,trimethoprim,2742
dfrA3,trimethoprim,2743
DFRA32,trimethoprim,2744
dfrA5,trimethoprim,2745
DFRA6,trimethoprim,2746
DFRA6_FROM_PROTEUS_MIRABILIS,trimethoprim,2747
dfrA7,trimethoprim,2748
dfrA8,trimethoprim,2749
dfrB1,trimethoprim,2750
dfrB2,trimethoprim,2751
dfrB3,trimethoprim,2752
DFRB4,trimethoprim,2753
DFRB5,trimethoprim,2754
dfrB6,trimethoprim,2755
DFRB7,trimethoprim,2756
dfrC,trimethoprim,2757
dfrD,trimethoprim,2758
dfrE,trimethoprim,2759
dfrF,trimethoprim,2760
dfrG,trimethoprim,2761
DFRI,trimethoprim,2762
dfrK,trimethoprim,2763
